dice_id,roll_num,result
01,1,6
01,2,15
01,3,17
01,4,19
01,5,6
01,6,11
01,7,7
01,8,17
01,9,4
01,10,16
01,11,8
01,12,19
01,13,11
01,14,20
01,15,19
01,16,7
01,17,11
01,18,5
01,19,5
01,20,15
01,21,16
01,22,20
01,23,2
01,24,15
01,25,13
01,26,18
01,27,12
01,28,17
01,29,15
01,30,6
01,31,4
01,32,6
01,33,3
01,34,1
01,35,16
01,36,4
01,37,8
01,38,3
01,39,13
01,40,15
01,41,14
01,42,19
01,43,4
01,44,12
01,45,6
01,46,4
01,47,12
01,48,15
01,49,4
01,50,3
01,51,5
01,52,15
01,53,9
01,54,3
01,55,19
01,56,17
01,57,18
01,58,16
01,59,19
01,60,15
01,61,15
01,62,12
01,63,4
01,64,9
01,65,10
01,66,17
01,67,11
01,68,18
01,69,13
01,70,15
01,71,12
01,72,13
01,73,4
01,74,14
01,75,15
01,76,6
01,77,18
01,78,13
01,79,17
01,80,4
01,81,9
01,82,3
01,83,7
01,84,19
01,85,1
01,86,13
01,87,2
01,88,2
01,89,12
01,90,16
01,91,17
01,92,14
01,93,4
01,94,16
01,95,12
01,96,12
01,97,11
01,98,17
01,99,17
01,100,14
01,101,17
01,102,2
01,103,8
01,104,6
01,105,3
01,106,17
01,107,17
01,108,9
01,109,4
01,110,16
01,111,2
01,112,10
01,113,13
01,114,12
01,115,5
01,116,14
01,117,4
01,118,6
01,119,11
01,120,9
01,121,8
01,122,1
01,123,17
01,124,12
01,125,19
01,126,16
01,127,16
01,128,3
01,129,12
01,130,3
01,131,6
01,132,3
01,133,12
01,134,17
01,135,6
01,136,3
01,137,7
01,138,16
01,139,16
01,140,19
01,141,5
01,142,10
01,143,1
01,144,18
01,145,13
01,146,18
01,147,4
01,148,16
01,149,16
01,150,7
01,151,12
01,152,18
01,153,10
01,154,6
01,155,16
01,156,18
01,157,15
01,158,3
01,159,8
01,160,4
01,161,17
01,162,15
01,163,7
01,164,15
01,165,6
01,166,4
01,167,3
01,168,6
01,169,17
01,170,19
01,171,15
01,172,1
01,173,3
01,174,10
01,175,17
01,176,20
01,177,12
01,178,18
01,179,7
01,180,6
01,181,5
01,182,3
01,183,11
01,184,11
01,185,10
01,186,9
01,187,16
01,188,11
01,189,12
01,190,5
01,191,6
01,192,10
01,193,3
01,194,10
01,195,4
01,196,6
01,197,5
01,198,20
01,199,17
01,200,12
02,1,6
02,2,5
02,3,6
02,4,3
02,5,12
02,6,12
02,7,17
02,8,16
02,9,16
02,10,18
02,11,15
02,12,6
02,13,18
02,14,6
02,15,5
02,16,11
02,17,8
02,18,10
02,19,3
02,20,4
02,21,18
02,22,3
02,23,5
02,24,17
02,25,13
02,26,18
02,27,2
02,28,15
02,29,9
02,30,19
02,31,17
02,32,17
02,33,5
02,34,19
02,35,4
02,36,18
02,37,4
02,38,18
02,39,4
02,40,10
02,41,11
02,42,12
02,43,4
02,44,5
02,45,10
02,46,2
02,47,7
02,48,5
02,49,16
02,50,11
02,51,6
02,52,18
02,53,4
02,54,14
02,55,10
02,56,3
02,57,10
02,58,3
02,59,17
02,60,3
02,61,11
02,62,3
02,63,6
02,64,5
02,65,9
02,66,11
02,67,1
02,68,9
02,69,2
02,70,11
02,71,5
02,72,13
02,73,7
02,74,8
02,75,17
02,76,17
02,77,19
02,78,4
02,79,10
02,80,6
02,81,13
02,82,9
02,83,10
02,84,15
02,85,2
02,86,10
02,87,10
02,88,19
02,89,13
02,90,16
02,91,6
02,92,5
02,93,6
02,94,10
02,95,18
02,96,3
02,97,11
02,98,5
02,99,15
02,100,7
02,101,4
02,102,9
02,103,15
02,104,1
02,105,16
02,106,6
02,107,9
02,108,6
02,109,17
02,110,6
02,111,12
02,112,18
02,113,5
02,114,9
02,115,6
02,116,20
02,117,18
02,118,5
02,119,2
02,120,1
02,121,10
02,122,9
02,123,2
02,124,11
02,125,12
02,126,4
02,127,10
02,128,19
02,129,6
02,130,17
02,131,14
02,132,4
02,133,18
02,134,1
02,135,15
02,136,11
02,137,15
02,138,6
02,139,4
02,140,1
02,141,6
02,142,9
02,143,12
02,144,4
02,145,5
02,146,10
02,147,16
02,148,13
02,149,4
02,150,4
02,151,16
02,152,3
02,153,7
02,154,11
02,155,10
02,156,19
02,157,17
02,158,17
02,159,5
02,160,19
02,161,5
02,162,11
02,163,11
02,164,7
02,165,7
02,166,17
02,167,6
02,168,8
02,169,6
02,170,16
02,171,12
02,172,18
02,173,4
02,174,18
02,175,9
02,176,6
02,177,11
02,178,18
02,179,9
02,180,12
02,181,12
02,182,5
02,183,17
02,184,4
02,185,19
02,186,9
02,187,18
02,188,9
02,189,18
02,190,4
02,191,5
02,192,16
02,193,5
02,194,5
02,195,12
02,196,10
02,197,12
02,198,9
02,199,5
02,200,15
03,1,8
03,2,18
03,3,5
03,4,2
03,5,11
03,6,14
03,7,5
03,8,9
03,9,14
03,10,3
03,11,19
03,12,5
03,13,6
03,14,3
03,15,8
03,16,16
03,17,18
03,18,15
03,19,18
03,20,16
03,21,11
03,22,12
03,23,8
03,24,17
03,25,16
03,26,18
03,27,11
03,28,7
03,29,1
03,30,6
03,31,16
03,32,12
03,33,8
03,34,10
03,35,13
03,36,6
03,37,20
03,38,17
03,39,10
03,40,16
03,41,5
03,42,17
03,43,8
03,44,1
03,45,1
03,46,11
03,47,10
03,48,2
03,49,14
03,50,12
03,51,11
03,52,16
03,53,10
03,54,15
03,55,18
03,56,16
03,57,16
03,58,18
03,59,6
03,60,5
03,61,6
03,62,13
03,63,18
03,64,13
03,65,5
03,66,10
03,67,3
03,68,10
03,69,5
03,70,5
03,71,2
03,72,13
03,73,5
03,74,19
03,75,4
03,76,7
03,77,6
03,78,19
03,79,1
03,80,14
03,81,15
03,82,11
03,83,8
03,84,15
03,85,17
03,86,7
03,87,19
03,88,18
03,89,5
03,90,9
03,91,2
03,92,16
03,93,9
03,94,10
03,95,3
03,96,12
03,97,17
03,98,2
03,99,17
03,100,3
03,101,10
03,102,12
03,103,5
03,104,11
03,105,4
03,106,4
03,107,3
03,108,12
03,109,16
03,110,20
03,111,1
03,112,8
03,113,18
03,114,14
03,115,8
03,116,2
03,117,6
03,118,12
03,119,20
03,120,19
03,121,10
03,122,7
03,123,5
03,124,2
03,125,9
03,126,3
03,127,3
03,128,13
03,129,17
03,130,5
03,131,20
03,132,11
03,133,14
03,134,10
03,135,13
03,136,4
03,137,10
03,138,11
03,139,12
03,140,13
03,141,15
03,142,8
03,143,8
03,144,9
03,145,18
03,146,14
03,147,3
03,148,11
03,149,18
03,150,17
03,151,13
03,152,1
03,153,10
03,154,11
03,155,2
03,156,20
03,157,11
03,158,15
03,159,13
03,160,16
03,161,4
03,162,15
03,163,11
03,164,15
03,165,15
03,166,16
03,167,20
03,168,18
03,169,14
03,170,18
03,171,10
03,172,5
03,173,15
03,174,16
03,175,3
03,176,12
03,177,19
03,178,12
03,179,3
03,180,20
03,181,14
03,182,6
03,183,8
03,184,11
03,185,5
03,186,13
03,187,10
03,188,7
03,189,6
03,190,9
03,191,18
03,192,5
03,193,14
03,194,14
03,195,16
03,196,1
03,197,13
03,198,9
03,199,3
03,200,4
04,1,9
04,2,15
04,3,1
04,4,14
04,5,15
04,6,18
04,7,15
04,8,6
04,9,8
04,10,6
04,11,5
04,12,5
04,13,5
04,14,15
04,15,1
04,16,4
04,17,2
04,18,1
04,19,3
04,20,17
04,21,17
04,22,12
04,23,20
04,24,13
04,25,9
04,26,14
04,27,10
04,28,11
04,29,15
04,30,17
04,31,9
04,32,11
04,33,11
04,34,15
04,35,13
04,36,8
04,37,11
04,38,12
04,39,16
04,40,11
04,41,7
04,42,3
04,43,12
04,44,5
04,45,18
04,46,6
04,47,3
04,48,3
04,49,18
04,50,12
04,51,9
04,52,17
04,53,20
04,54,6
04,55,13
04,56,18
04,57,14
04,58,12
04,59,14
04,60,18
04,61,11
04,62,18
04,63,6
04,64,2
04,65,7
04,66,11
04,67,10
04,68,2
04,69,15
04,70,15
04,71,10
04,72,15
04,73,9
04,74,11
04,75,10
04,76,10
04,77,12
04,78,11
04,79,3
04,80,5
04,81,4
04,82,9
04,83,20
04,84,4
04,85,19
04,86,16
04,87,5
04,88,11
04,89,7
04,90,4
04,91,11
04,92,18
04,93,10
04,94,9
04,95,8
04,96,9
04,97,5
04,98,3
04,99,20
04,100,18
04,101,18
04,102,9
04,103,3
04,104,19
04,105,8
04,106,12
04,107,10
04,108,2
04,109,11
04,110,3
04,111,12
04,112,1
04,113,2
04,114,14
04,115,14
04,116,16
04,117,6
04,118,10
04,119,8
04,120,2
04,121,11
04,122,12
04,123,5
04,124,9
04,125,13
04,126,14
04,127,4
04,128,4
04,129,6
04,130,9
04,131,12
04,132,4
04,133,4
04,134,11
04,135,18
04,136,19
04,137,1
04,138,9
04,139,4
04,140,15
04,141,4
04,142,7
04,143,7
04,144,17
04,145,8
04,146,4
04,147,2
04,148,12
04,149,19
04,150,2
04,151,4
04,152,6
04,153,4
04,154,10
04,155,13
04,156,4
04,157,18
04,158,3
04,159,10
04,160,9
04,161,3
04,162,19
04,163,9
04,164,9
04,165,3
04,166,17
04,167,9
04,168,12
04,169,13
04,170,5
04,171,15
04,172,18
04,173,19
04,174,12
04,175,17
04,176,12
04,177,18
04,178,12
04,179,10
04,180,12
04,181,3
04,182,11
04,183,5
04,184,17
04,185,17
04,186,6
04,187,6
04,188,4
04,189,6
04,190,18
04,191,3
04,192,7
04,193,10
04,194,8
04,195,18
04,196,18
04,197,16
04,198,5
04,199,13
04,200,11
05,1,20
05,2,1
05,3,7
05,4,20
05,5,14
05,6,8
05,7,1
05,8,6
05,9,7
05,10,15
05,11,19
05,12,20
05,13,8
05,14,3
05,15,14
05,16,16
05,17,14
05,18,1
05,19,7
05,20,5
05,21,17
05,22,15
05,23,16
05,24,19
05,25,9
05,26,16
05,27,16
05,28,12
05,29,10
05,30,2
05,31,19
05,32,15
05,33,12
05,34,16
05,35,20
05,36,7
05,37,14
05,38,4
05,39,8
05,40,13
05,41,19
05,42,16
05,43,12
05,44,7
05,45,18
05,46,12
05,47,17
05,48,13
05,49,9
05,50,8
05,51,12
05,52,3
05,53,16
05,54,6
05,55,3
05,56,19
05,57,17
05,58,5
05,59,2
05,60,19
05,61,19
05,62,19
05,63,14
05,64,8
05,65,10
05,66,18
05,67,20
05,68,5
05,69,14
05,70,12
05,71,18
05,72,8
05,73,18
05,74,13
05,75,20
05,76,1
05,77,1
05,78,17
05,79,5
05,80,17
05,81,17
05,82,14
05,83,16
05,84,3
05,85,7
05,86,16
05,87,1
05,88,10
05,89,9
05,90,3
05,91,9
05,92,5
05,93,1
05,94,15
05,95,19
05,96,14
05,97,17
05,98,2
05,99,14
05,100,20
05,101,5
05,102,1
05,103,1
05,104,20
05,105,7
05,106,20
05,107,4
05,108,1
05,109,2
05,110,3
05,111,1
05,112,12
05,113,1
05,114,1
05,115,13
05,116,19
05,117,14
05,118,2
05,119,14
05,120,19
05,121,12
05,122,20
05,123,17
05,124,1
05,125,3
05,126,10
05,127,6
05,128,18
05,129,17
05,130,3
05,131,1
05,132,6
05,133,7
05,134,10
05,135,20
05,136,17
05,137,1
05,138,5
05,139,14
05,140,15
05,141,12
05,142,15
05,143,20
05,144,1
05,145,17
05,146,5
05,147,7
05,148,14
05,149,7
05,150,1
05,151,18
05,152,5
05,153,19
05,154,15
05,155,6
05,156,5
05,157,1
05,158,5
05,159,1
05,160,6
05,161,18
05,162,8
05,163,1
05,164,8
05,165,9
05,166,3
05,167,5
05,168,20
05,169,20
05,170,3
05,171,1
05,172,10
05,173,20
05,174,19
05,175,19
05,176,13
05,177,8
05,178,8
05,179,13
05,180,5
05,181,5
05,182,18
05,183,10
05,184,19
05,185,16
05,186,4
05,187,8
05,188,1
05,189,1
05,190,17
05,191,14
05,192,2
05,193,13
05,194,18
05,195,16
05,196,1
05,197,15
05,198,1
05,199,8
05,200,6
06,1,19
06,2,19
06,3,9
06,4,5
06,5,9
06,6,6
06,7,7
06,8,19
06,9,16
06,10,3
06,11,8
06,12,1
06,13,5
06,14,15
06,15,9
06,16,5
06,17,1
06,18,4
06,19,4
06,20,8
06,21,7
06,22,8
06,23,19
06,24,6
06,25,2
06,26,5
06,27,8
06,28,9
06,29,3
06,30,3
06,31,3
06,32,19
06,33,19
06,34,2
06,35,5
06,36,3
06,37,18
06,38,11
06,39,14
06,40,20
06,41,18
06,42,13
06,43,16
06,44,10
06,45,12
06,46,15
06,47,15
06,48,15
06,49,16
06,50,6
06,51,15
06,52,12
06,53,9
06,54,11
06,55,6
06,56,5
06,57,12
06,58,5
06,59,5
06,60,18
06,61,3
06,62,1
06,63,12
06,64,2
06,65,20
06,66,20
06,67,16
06,68,12
06,69,9
06,70,16
06,71,8
06,72,15
06,73,13
06,74,15
06,75,18
06,76,2
06,77,8
06,78,15
06,79,12
06,80,18
06,81,20
06,82,4
06,83,11
06,84,3
06,85,11
06,86,6
06,87,12
06,88,12
06,89,5
06,90,14
06,91,2
06,92,18
06,93,9
06,94,3
06,95,19
06,96,12
06,97,10
06,98,12
06,99,20
06,100,15
06,101,2
06,102,3
06,103,16
06,104,9
06,105,17
06,106,16
06,107,14
06,108,6
06,109,16
06,110,1
06,111,19
06,112,19
06,113,10
06,114,19
06,115,6
06,116,11
06,117,9
06,118,20
06,119,6
06,120,4
06,121,2
06,122,20
06,123,6
06,124,11
06,125,4
06,126,1
06,127,19
06,128,6
06,129,5
06,130,9
06,131,8
06,132,3
06,133,14
06,134,8
06,135,11
06,136,18
06,137,11
06,138,1
06,139,14
06,140,15
06,141,11
06,142,16
06,143,19
06,144,12
06,145,6
06,146,19
06,147,9
06,148,1
06,149,14
06,150,16
06,151,18
06,152,11
06,153,11
06,154,5
06,155,15
06,156,3
06,157,20
06,158,3
06,159,11
06,160,2
06,161,3
06,162,18
06,163,2
06,164,11
06,165,4
06,166,5
06,167,15
06,168,10
06,169,13
06,170,9
06,171,1
06,172,14
06,173,4
06,174,1
06,175,2
06,176,8
06,177,9
06,178,12
06,179,19
06,180,16
06,181,4
06,182,10
06,183,5
06,184,18
06,185,13
06,186,18
06,187,11
06,188,13
06,189,12
06,190,4
06,191,3
06,192,19
06,193,9
06,194,11
06,195,15
06,196,19
06,197,3
06,198,1
06,199,15
06,200,20
07,1,14
07,2,18
07,3,15
07,4,8
07,5,12
07,6,4
07,7,14
07,8,3
07,9,15
07,10,8
07,11,5
07,12,20
07,13,14
07,14,18
07,15,16
07,16,19
07,17,1
07,18,1
07,19,12
07,20,12
07,21,14
07,22,14
07,23,2
07,24,1
07,25,17
07,26,20
07,27,12
07,28,12
07,29,13
07,30,20
07,31,17
07,32,7
07,33,1
07,34,14
07,35,4
07,36,1
07,37,9
07,38,3
07,39,20
07,40,17
07,41,7
07,42,2
07,43,2
07,44,10
07,45,13
07,46,19
07,47,13
07,48,18
07,49,14
07,50,9
07,51,1
07,52,1
07,53,3
07,54,12
07,55,14
07,56,9
07,57,12
07,58,1
07,59,8
07,60,2
07,61,3
07,62,15
07,63,1
07,64,5
07,65,12
07,66,15
07,67,10
07,68,1
07,69,4
07,70,4
07,71,19
07,72,20
07,73,8
07,74,17
07,75,5
07,76,1
07,77,4
07,78,16
07,79,2
07,80,12
07,81,11
07,82,1
07,83,4
07,84,19
07,85,5
07,86,16
07,87,20
07,88,19
07,89,17
07,90,2
07,91,19
07,92,4
07,93,7
07,94,1
07,95,8
07,96,19
07,97,7
07,98,9
07,99,12
07,100,9
07,101,5
07,102,18
07,103,1
07,104,10
07,105,15
07,106,3
07,107,10
07,108,4
07,109,16
07,110,16
07,111,20
07,112,12
07,113,1
07,114,4
07,115,5
07,116,2
07,117,7
07,118,15
07,119,3
07,120,6
07,121,8
07,122,10
07,123,2
07,124,17
07,125,7
07,126,13
07,127,16
07,128,8
07,129,13
07,130,7
07,131,5
07,132,8
07,133,20
07,134,3
07,135,16
07,136,3
07,137,10
07,138,9
07,139,3
07,140,19
07,141,8
07,142,10
07,143,1
07,144,6
07,145,13
07,146,9
07,147,4
07,148,1
07,149,17
07,150,16
07,151,18
07,152,9
07,153,7
07,154,14
07,155,7
07,156,18
07,157,10
07,158,20
07,159,2
07,160,9
07,161,2
07,162,3
07,163,14
07,164,3
07,165,18
07,166,4
07,167,5
07,168,19
07,169,17
07,170,13
07,171,15
07,172,9
07,173,5
07,174,20
07,175,5
07,176,6
07,177,7
07,178,16
07,179,15
07,180,7
07,181,12
07,182,5
07,183,13
07,184,20
07,185,2
07,186,16
07,187,1
07,188,5
07,189,17
07,190,20
07,191,13
07,192,7
07,193,7
07,194,1
07,195,17
07,196,6
07,197,4
07,198,11
07,199,20
07,200,4
08,1,3
08,2,5
08,3,6
08,4,13
08,5,10
08,6,12
08,7,17
08,8,19
08,9,5
08,10,10
08,11,14
08,12,1
08,13,15
08,14,1
08,15,12
08,16,17
08,17,18
08,18,10
08,19,8
08,20,18
08,21,11
08,22,1
08,23,12
08,24,20
08,25,7
08,26,1
08,27,4
08,28,17
08,29,16
08,30,5
08,31,6
08,32,17
08,33,4
08,34,1
08,35,19
08,36,6
08,37,7
08,38,1
08,39,4
08,40,15
08,41,1
08,42,8
08,43,2
08,44,2
08,45,13
08,46,12
08,47,4
08,48,17
08,49,7
08,50,11
08,51,8
08,52,2
08,53,18
08,54,19
08,55,3
08,56,4
08,57,5
08,58,5
08,59,8
08,60,13
08,61,2
08,62,4
08,63,10
08,64,5
08,65,13
08,66,12
08,67,2
08,68,17
08,69,2
08,70,6
08,71,4
08,72,20
08,73,8
08,74,2
08,75,12
08,76,3
08,77,13
08,78,19
08,79,6
08,80,4
08,81,16
08,82,10
08,83,19
08,84,13
08,85,5
08,86,11
08,87,14
08,88,19
08,89,8
08,90,9
08,91,17
08,92,1
08,93,5
08,94,18
08,95,1
08,96,3
08,97,12
08,98,4
08,99,1
08,100,10
08,101,7
08,102,2
08,103,10
08,104,17
08,105,9
08,106,1
08,107,13
08,108,20
08,109,15
08,110,14
08,111,8
08,112,12
08,113,6
08,114,5
08,115,5
08,116,18
08,117,1
08,118,18
08,119,7
08,120,2
08,121,9
08,122,5
08,123,15
08,124,11
08,125,11
08,126,13
08,127,9
08,128,10
08,129,5
08,130,4
08,131,5
08,132,13
08,133,11
08,134,7
08,135,4
08,136,4
08,137,13
08,138,4
08,139,17
08,140,17
08,141,13
08,142,2
08,143,10
08,144,7
08,145,8
08,146,14
08,147,8
08,148,1
08,149,11
08,150,20
08,151,9
08,152,15
08,153,6
08,154,11
08,155,2
08,156,4
08,157,9
08,158,5
08,159,2
08,160,4
08,161,15
08,162,4
08,163,15
08,164,16
08,165,11
08,166,15
08,167,20
08,168,19
08,169,10
08,170,14
08,171,7
08,172,12
08,173,2
08,174,17
08,175,16
08,176,17
08,177,4
08,178,9
08,179,9
08,180,2
08,181,1
08,182,9
08,183,3
08,184,6
08,185,4
08,186,1
08,187,2
08,188,14
08,189,16
08,190,18
08,191,14
08,192,7
08,193,1
08,194,7
08,195,1
08,196,12
08,197,7
08,198,2
08,199,19
08,200,16
09,1,8
09,2,8
09,3,12
09,4,4
09,5,19
09,6,19
09,7,17
09,8,8
09,9,9
09,10,14
09,11,19
09,12,12
09,13,10
09,14,11
09,15,18
09,16,18
09,17,13
09,18,20
09,19,3
09,20,11
09,21,18
09,22,3
09,23,18
09,24,3
09,25,1
09,26,3
09,27,20
09,28,1
09,29,20
09,30,12
09,31,13
09,32,16
09,33,14
09,34,12
09,35,11
09,36,5
09,37,17
09,38,12
09,39,9
09,40,11
09,41,3
09,42,1
09,43,2
09,44,19
09,45,17
09,46,12
09,47,11
09,48,2
09,49,15
09,50,1
09,51,13
09,52,15
09,53,6
09,54,6
09,55,8
09,56,11
09,57,5
09,58,11
09,59,9
09,60,19
09,61,15
09,62,3
09,63,6
09,64,2
09,65,20
09,66,16
09,67,2
09,68,18
09,69,1
09,70,10
09,71,15
09,72,2
09,73,5
09,74,5
09,75,8
09,76,6
09,77,16
09,78,15
09,79,11
09,80,4
09,81,20
09,82,19
09,83,12
09,84,4
09,85,18
09,86,9
09,87,20
09,88,1
09,89,15
09,90,3
09,91,10
09,92,20
09,93,11
09,94,5
09,95,9
09,96,1
09,97,8
09,98,15
09,99,20
09,100,1
09,101,17
09,102,3
09,103,17
09,104,10
09,105,15
09,106,5
09,107,10
09,108,15
09,109,10
09,110,3
09,111,13
09,112,13
09,113,16
09,114,3
09,115,10
09,116,17
09,117,3
09,118,12
09,119,5
09,120,1
09,121,2
09,122,1
09,123,8
09,124,6
09,125,11
09,126,18
09,127,17
09,128,6
09,129,12
09,130,6
09,131,3
09,132,9
09,133,9
09,134,11
09,135,15
09,136,12
09,137,12
09,138,2
09,139,1
09,140,5
09,141,8
09,142,18
09,143,1
09,144,5
09,145,14
09,146,15
09,147,7
09,148,13
09,149,15
09,150,8
09,151,13
09,152,5
09,153,4
09,154,18
09,155,18
09,156,20
09,157,12
09,158,11
09,159,13
09,160,7
09,161,16
09,162,8
09,163,1
09,164,13
09,165,4
09,166,15
09,167,20
09,168,16
09,169,17
09,170,2
09,171,15
09,172,8
09,173,14
09,174,1
09,175,11
09,176,14
09,177,17
09,178,14
09,179,16
09,180,19
09,181,13
09,182,17
09,183,3
09,184,2
09,185,7
09,186,16
09,187,5
09,188,19
09,189,18
09,190,13
09,191,7
09,192,19
09,193,1
09,194,16
09,195,9
09,196,19
09,197,12
09,198,14
09,199,8
09,200,8
10,1,12
10,2,11
10,3,10
10,4,1
10,5,8
10,6,17
10,7,5
10,8,16
10,9,13
10,10,14
10,11,5
10,12,19
10,13,14
10,14,7
10,15,16
10,16,12
10,17,8
10,18,12
10,19,13
10,20,4
10,21,12
10,22,12
10,23,12
10,24,2
10,25,11
10,26,11
10,27,12
10,28,14
10,29,7
10,30,6
10,31,7
10,32,9
10,33,1
10,34,7
10,35,14
10,36,19
10,37,13
10,38,18
10,39,3
10,40,19
10,41,2
10,42,5
10,43,9
10,44,18
10,45,12
10,46,7
10,47,1
10,48,17
10,49,8
10,50,20
10,51,7
10,52,16
10,53,3
10,54,13
10,55,14
10,56,18
10,57,19
10,58,11
10,59,6
10,60,15
10,61,13
10,62,13
10,63,3
10,64,11
10,65,18
10,66,20
10,67,1
10,68,12
10,69,11
10,70,10
10,71,20
10,72,20
10,73,2
10,74,11
10,75,20
10,76,12
10,77,16
10,78,16
10,79,10
10,80,11
10,81,4
10,82,10
10,83,13
10,84,3
10,85,14
10,86,1
10,87,2
10,88,4
10,89,12
10,90,19
10,91,6
10,92,9
10,93,6
10,94,17
10,95,8
10,96,18
10,97,18
10,98,15
10,99,1
10,100,3
10,101,12
10,102,8
10,103,17
10,104,7
10,105,5
10,106,14
10,107,15
10,108,15
10,109,20
10,110,12
10,111,10
10,112,11
10,113,9
10,114,19
10,115,14
10,116,4
10,117,2
10,118,3
10,119,8
10,120,7
10,121,14
10,122,5
10,123,8
10,124,17
10,125,4
10,126,7
10,127,7
10,128,16
10,129,15
10,130,6
10,131,3
10,132,6
10,133,5
10,134,16
10,135,4
10,136,5
10,137,6
10,138,15
10,139,14
10,140,7
10,141,10
10,142,15
10,143,6
10,144,7
10,145,8
10,146,12
10,147,8
10,148,14
10,149,4
10,150,9
10,151,2
10,152,1
10,153,20
10,154,18
10,155,10
10,156,14
10,157,8
10,158,15
10,159,17
10,160,8
10,161,19
10,162,2
10,163,14
10,164,2
10,165,10
10,166,17
10,167,5
10,168,19
10,169,12
10,170,12
10,171,19
10,172,19
10,173,4
10,174,4
10,175,17
10,176,5
10,177,14
10,178,10
10,179,5
10,180,9
10,181,4
10,182,16
10,183,20
10,184,18
10,185,1
10,186,10
10,187,20
10,188,6
10,189,18
10,190,11
10,191,19
10,192,11
10,193,16
10,194,8
10,195,14
10,196,11
10,197,20
10,198,20
10,199,11
10,200,4
11,1,17
11,2,7
11,3,16
11,4,20
11,5,11
11,6,20
11,7,15
11,8,3
11,9,17
11,10,1
11,11,13
11,12,9
11,13,1
11,14,4
11,15,13
11,16,16
11,17,11
11,18,16
11,19,15
11,20,16
11,21,8
11,22,2
11,23,20
11,24,10
11,25,19
11,26,7
11,27,10
11,28,14
11,29,15
11,30,11
11,31,13
11,32,4
11,33,1
11,34,4
11,35,3
11,36,9
11,37,15
11,38,16
11,39,20
11,40,6
11,41,10
11,42,7
11,43,7
11,44,12
11,45,19
11,46,15
11,47,5
11,48,17
11,49,11
11,50,1
11,51,17
11,52,11
11,53,10
11,54,7
11,55,9
11,56,18
11,57,4
11,58,4
11,59,1
11,60,11
11,61,5
11,62,6
11,63,17
11,64,18
11,65,10
11,66,7
11,67,20
11,68,12
11,69,1
11,70,13
11,71,20
11,72,17
11,73,17
11,74,4
11,75,19
11,76,17
11,77,17
11,78,10
11,79,4
11,80,12
11,81,2
11,82,11
11,83,4
11,84,8
11,85,16
11,86,7
11,87,12
11,88,8
11,89,12
11,90,17
11,91,17
11,92,1
11,93,3
11,94,12
11,95,8
11,96,9
11,97,2
11,98,14
11,99,5
11,100,10
11,101,3
11,102,5
11,103,6
11,104,14
11,105,4
11,106,6
11,107,6
11,108,4
11,109,6
11,110,4
11,111,14
11,112,6
11,113,2
11,114,3
11,115,17
11,116,20
11,117,17
11,118,20
11,119,3
11,120,4
11,121,15
11,122,6
11,123,2
11,124,11
11,125,17
11,126,8
11,127,1
11,128,9
11,129,12
11,130,9
11,131,6
11,132,14
11,133,1
11,134,14
11,135,20
11,136,20
11,137,1
11,138,7
11,139,8
11,140,16
11,141,15
11,142,15
11,143,11
11,144,10
11,145,10
11,146,6
11,147,1
11,148,20
11,149,16
11,150,3
11,151,11
11,152,13
11,153,8
11,154,11
11,155,10
11,156,9
11,157,19
11,158,11
11,159,12
11,160,6
11,161,2
11,162,6
11,163,20
11,164,8
11,165,14
11,166,11
11,167,17
11,168,13
11,169,5
11,170,13
11,171,9
11,172,20
11,173,1
11,174,12
11,175,16
11,176,10
11,177,4
11,178,19
11,179,19
11,180,1
11,181,7
11,182,8
11,183,12
11,184,1
11,185,17
11,186,11
11,187,4
11,188,9
11,189,4
11,190,10
11,191,4
11,192,11
11,193,8
11,194,16
11,195,20
11,196,10
11,197,17
11,198,4
11,199,4
11,200,8
12,1,8
12,2,2
12,3,17
12,4,5
12,5,14
12,6,15
12,7,1
12,8,10
12,9,3
12,10,2
12,11,8
12,12,9
12,13,13
12,14,4
12,15,18
12,16,1
12,17,6
12,18,2
12,19,19
12,20,18
12,21,5
12,22,19
12,23,14
12,24,1
12,25,19
12,26,10
12,27,9
12,28,3
12,29,15
12,30,19
12,31,19
12,32,12
12,33,15
12,34,11
12,35,14
12,36,20
12,37,15
12,38,9
12,39,11
12,40,14
12,41,20
12,42,20
12,43,7
12,44,2
12,45,11
12,46,4
12,47,10
12,48,15
12,49,19
12,50,9
12,51,9
12,52,12
12,53,14
12,54,9
12,55,2
12,56,8
12,57,1
12,58,10
12,59,10
12,60,1
12,61,13
12,62,2
12,63,14
12,64,11
12,65,7
12,66,12
12,67,7
12,68,20
12,69,14
12,70,14
12,71,12
12,72,2
12,73,1
12,74,1
12,75,1
12,76,1
12,77,5
12,78,1
12,79,5
12,80,17
12,81,5
12,82,15
12,83,18
12,84,13
12,85,20
12,86,1
12,87,19
12,88,20
12,89,9
12,90,1
12,91,5
12,92,5
12,93,20
12,94,4
12,95,15
12,96,15
12,97,3
12,98,9
12,99,1
12,100,15
12,101,12
12,102,1
12,103,8
12,104,15
12,105,8
12,106,2
12,107,18
12,108,2
12,109,2
12,110,18
12,111,5
12,112,20
12,113,20
12,114,11
12,115,12
12,116,17
12,117,2
12,118,14
12,119,20
12,120,16
12,121,20
12,122,1
12,123,13
12,124,17
12,125,9
12,126,11
12,127,11
12,128,7
12,129,18
12,130,15
12,131,9
12,132,8
12,133,15
12,134,10
12,135,13
12,136,18
12,137,19
12,138,11
12,139,17
12,140,4
12,141,6
12,142,8
12,143,15
12,144,7
12,145,10
12,146,18
12,147,1
12,148,4
12,149,7
12,150,16
12,151,17
12,152,10
12,153,13
12,154,11
12,155,11
12,156,14
12,157,13
12,158,5
12,159,11
12,160,19
12,161,12
12,162,14
12,163,6
12,164,6
12,165,1
12,166,11
12,167,6
12,168,2
12,169,9
12,170,4
12,171,12
12,172,6
12,173,20
12,174,9
12,175,14
12,176,16
12,177,16
12,178,16
12,179,15
12,180,9
12,181,19
12,182,12
12,183,11
12,184,6
12,185,12
12,186,4
12,187,17
12,188,9
12,189,1
12,190,3
12,191,12
12,192,14
12,193,7
12,194,10
12,195,19
12,196,3
12,197,11
12,198,10
12,199,16
12,200,1
13,1,1
13,2,5
13,3,13
13,4,6
13,5,11
13,6,7
13,7,3
13,8,14
13,9,9
13,10,8
13,11,12
13,12,11
13,13,2
13,14,2
13,15,7
13,16,1
13,17,11
13,18,5
13,19,19
13,20,19
13,21,3
13,22,12
13,23,8
13,24,6
13,25,11
13,26,14
13,27,16
13,28,19
13,29,4
13,30,4
13,31,6
13,32,10
13,33,4
13,34,6
13,35,1
13,36,6
13,37,3
13,38,20
13,39,5
13,40,19
13,41,5
13,42,14
13,43,16
13,44,14
13,45,19
13,46,10
13,47,16
13,48,4
13,49,2
13,50,4
13,51,19
13,52,20
13,53,14
13,54,17
13,55,6
13,56,4
13,57,13
13,58,9
13,59,9
13,60,7
13,61,8
13,62,6
13,63,10
13,64,4
13,65,16
13,66,4
13,67,18
13,68,1
13,69,16
13,70,18
13,71,3
13,72,14
13,73,4
13,74,5
13,75,1
13,76,12
13,77,19
13,78,2
13,79,20
13,80,3
13,81,15
13,82,14
13,83,10
13,84,3
13,85,8
13,86,14
13,87,10
13,88,6
13,89,15
13,90,16
13,91,17
13,92,4
13,93,16
13,94,15
13,95,2
13,96,19
13,97,14
13,98,15
13,99,16
13,100,4
13,101,8
13,102,14
13,103,3
13,104,11
13,105,17
13,106,19
13,107,5
13,108,6
13,109,12
13,110,14
13,111,4
13,112,12
13,113,19
13,114,2
13,115,6
13,116,15
13,117,3
13,118,4
13,119,1
13,120,16
13,121,13
13,122,13
13,123,7
13,124,18
13,125,2
13,126,14
13,127,15
13,128,8
13,129,12
13,130,15
13,131,8
13,132,16
13,133,5
13,134,11
13,135,11
13,136,5
13,137,8
13,138,18
13,139,11
13,140,14
13,141,2
13,142,16
13,143,16
13,144,1
13,145,19
13,146,11
13,147,12
13,148,2
13,149,10
13,150,18
13,151,4
13,152,18
13,153,1
13,154,14
13,155,12
13,156,20
13,157,16
13,158,1
13,159,10
13,160,15
13,161,6
13,162,14
13,163,4
13,164,13
13,165,18
13,166,6
13,167,11
13,168,8
13,169,14
13,170,1
13,171,12
13,172,3
13,173,4
13,174,7
13,175,2
13,176,9
13,177,2
13,178,10
13,179,17
13,180,19
13,181,4
13,182,10
13,183,8
13,184,17
13,185,3
13,186,11
13,187,19
13,188,5
13,189,11
13,190,1
13,191,3
13,192,2
13,193,6
13,194,4
13,195,14
13,196,5
13,197,4
13,198,1
13,199,10
13,200,18
14,1,14
14,2,8
14,3,10
14,4,7
14,5,9
14,6,2
14,7,15
14,8,17
14,9,2
14,10,1
14,11,10
14,12,1
14,13,1
14,14,15
14,15,2
14,16,19
14,17,20
14,18,12
14,19,20
14,20,9
14,21,17
14,22,8
14,23,14
14,24,13
14,25,6
14,26,8
14,27,11
14,28,5
14,29,3
14,30,13
14,31,3
14,32,17
14,33,7
14,34,13
14,35,17
14,36,6
14,37,13
14,38,7
14,39,13
14,40,2
14,41,17
14,42,6
14,43,5
14,44,16
14,45,8
14,46,19
14,47,3
14,48,4
14,49,15
14,50,7
14,51,1
14,52,9
14,53,20
14,54,7
14,55,14
14,56,19
14,57,12
14,58,14
14,59,16
14,60,3
14,61,3
14,62,8
14,63,1
14,64,20
14,65,9
14,66,15
14,67,15
14,68,8
14,69,20
14,70,8
14,71,18
14,72,9
14,73,2
14,74,6
14,75,20
14,76,11
14,77,9
14,78,8
14,79,14
14,80,1
14,81,11
14,82,16
14,83,15
14,84,9
14,85,3
14,86,8
14,87,14
14,88,7
14,89,5
14,90,18
14,91,2
14,92,16
14,93,6
14,94,6
14,95,1
14,96,10
14,97,5
14,98,5
14,99,19
14,100,2
14,101,17
14,102,8
14,103,8
14,104,2
14,105,17
14,106,18
14,107,17
14,108,6
14,109,2
14,110,19
14,111,18
14,112,4
14,113,6
14,114,4
14,115,5
14,116,2
14,117,12
14,118,16
14,119,3
14,120,4
14,121,17
14,122,8
14,123,14
14,124,3
14,125,14
14,126,11
14,127,12
14,128,10
14,129,4
14,130,2
14,131,1
14,132,14
14,133,15
14,134,15
14,135,12
14,136,16
14,137,12
14,138,15
14,139,19
14,140,9
14,141,1
14,142,7
14,143,8
14,144,6
14,145,15
14,146,3
14,147,2
14,148,11
14,149,4
14,150,13
14,151,13
14,152,8
14,153,19
14,154,16
14,155,18
14,156,6
14,157,2
14,158,17
14,159,18
14,160,12
14,161,15
14,162,13
14,163,14
14,164,6
14,165,4
14,166,5
14,167,2
14,168,12
14,169,17
14,170,10
14,171,3
14,172,2
14,173,1
14,174,2
14,175,6
14,176,4
14,177,12
14,178,8
14,179,9
14,180,17
14,181,3
14,182,7
14,183,12
14,184,17
14,185,20
14,186,18
14,187,4
14,188,10
14,189,14
14,190,9
14,191,3
14,192,2
14,193,16
14,194,13
14,195,11
14,196,17
14,197,9
14,198,17
14,199,20
14,200,16
15,1,20
15,2,8
15,3,4
15,4,12
15,5,14
15,6,4
15,7,2
15,8,3
15,9,12
15,10,9
15,11,4
15,12,12
15,13,10
15,14,4
15,15,2
15,16,14
15,17,10
15,18,5
15,19,5
15,20,18
15,21,7
15,22,1
15,23,18
15,24,3
15,25,18
15,26,18
15,27,6
15,28,19
15,29,6
15,30,11
15,31,17
15,32,13
15,33,11
15,34,15
15,35,19
15,36,20
15,37,10
15,38,17
15,39,4
15,40,1
15,41,9
15,42,13
15,43,2
15,44,17
15,45,14
15,46,1
15,47,2
15,48,14
15,49,12
15,50,12
15,51,13
15,52,10
15,53,18
15,54,6
15,55,4
15,56,2
15,57,15
15,58,11
15,59,10
15,60,15
15,61,9
15,62,9
15,63,4
15,64,12
15,65,12
15,66,7
15,67,2
15,68,17
15,69,11
15,70,11
15,71,17
15,72,1
15,73,1
15,74,17
15,75,14
15,76,8
15,77,4
15,78,12
15,79,9
15,80,14
15,81,5
15,82,11
15,83,2
15,84,9
15,85,14
15,86,17
15,87,3
15,88,9
15,89,14
15,90,6
15,91,10
15,92,6
15,93,12
15,94,11
15,95,3
15,96,15
15,97,11
15,98,20
15,99,16
15,100,9
15,101,20
15,102,9
15,103,17
15,104,1
15,105,11
15,106,8
15,107,11
15,108,20
15,109,9
15,110,11
15,111,10
15,112,5
15,113,1
15,114,8
15,115,9
15,116,18
15,117,4
15,118,19
15,119,14
15,120,20
15,121,15
15,122,10
15,123,1
15,124,14
15,125,16
15,126,7
15,127,17
15,128,3
15,129,10
15,130,9
15,131,14
15,132,18
15,133,11
15,134,17
15,135,7
15,136,18
15,137,19
15,138,13
15,139,7
15,140,9
15,141,14
15,142,15
15,143,16
15,144,3
15,145,11
15,146,9
15,147,18
15,148,18
15,149,18
15,150,11
15,151,1
15,152,11
15,153,2
15,154,2
15,155,6
15,156,4
15,157,4
15,158,16
15,159,1
15,160,6
15,161,8
15,162,8
15,163,18
15,164,19
15,165,8
15,166,11
15,167,3
15,168,5
15,169,2
15,170,5
15,171,4
15,172,16
15,173,8
15,174,4
15,175,17
15,176,6
15,177,2
15,178,9
15,179,12
15,180,8
15,181,10
15,182,17
15,183,8
15,184,7
15,185,18
15,186,19
15,187,16
15,188,6
15,189,3
15,190,15
15,191,9
15,192,11
15,193,8
15,194,9
15,195,14
15,196,13
15,197,12
15,198,16
15,199,9
15,200,5
16,1,18
16,2,11
16,3,1
16,4,4
16,5,14
16,6,16
16,7,6
16,8,17
16,9,18
16,10,4
16,11,16
16,12,19
16,13,16
16,14,20
16,15,2
16,16,14
16,17,13
16,18,13
16,19,3
16,20,12
16,21,19
16,22,6
16,23,5
16,24,14
16,25,7
16,26,8
16,27,12
16,28,3
16,29,17
16,30,19
16,31,4
16,32,12
16,33,19
16,34,7
16,35,18
16,36,20
16,37,3
16,38,8
16,39,13
16,40,8
16,41,4
16,42,16
16,43,11
16,44,17
16,45,19
16,46,2
16,47,18
16,48,14
16,49,20
16,50,15
16,51,16
16,52,4
16,53,4
16,54,7
16,55,18
16,56,3
16,57,16
16,58,14
16,59,16
16,60,9
16,61,8
16,62,3
16,63,4
16,64,14
16,65,5
16,66,11
16,67,17
16,68,8
16,69,18
16,70,1
16,71,2
16,72,8
16,73,4
16,74,16
16,75,13
16,76,4
16,77,3
16,78,4
16,79,15
16,80,9
16,81,19
16,82,17
16,83,15
16,84,3
16,85,15
16,86,16
16,87,13
16,88,2
16,89,14
16,90,6
16,91,4
16,92,13
16,93,11
16,94,16
16,95,16
16,96,3
16,97,13
16,98,13
16,99,18
16,100,14
16,101,4
16,102,8
16,103,4
16,104,20
16,105,10
16,106,16
16,107,20
16,108,11
16,109,16
16,110,16
16,111,8
16,112,2
16,113,4
16,114,12
16,115,5
16,116,7
16,117,20
16,118,9
16,119,13
16,120,6
16,121,14
16,122,16
16,123,14
16,124,5
16,125,2
16,126,19
16,127,6
16,128,16
16,129,7
16,130,13
16,131,20
16,132,19
16,133,6
16,134,8
16,135,19
16,136,5
16,137,17
16,138,9
16,139,13
16,140,7
16,141,13
16,142,11
16,143,20
16,144,11
16,145,3
16,146,11
16,147,18
16,148,12
16,149,19
16,150,11
16,151,3
16,152,6
16,153,12
16,154,13
16,155,18
16,156,6
16,157,11
16,158,4
16,159,16
16,160,14
16,161,15
16,162,2
16,163,13
16,164,4
16,165,6
16,166,17
16,167,7
16,168,5
16,169,10
16,170,14
16,171,20
16,172,13
16,173,2
16,174,12
16,175,19
16,176,4
16,177,20
16,178,17
16,179,3
16,180,2
16,181,12
16,182,7
16,183,5
16,184,19
16,185,16
16,186,9
16,187,8
16,188,7
16,189,16
16,190,7
16,191,20
16,192,1
16,193,15
16,194,5
16,195,16
16,196,7
16,197,19
16,198,3
16,199,6
16,200,7
17,1,8
17,2,12
17,3,11
17,4,4
17,5,3
17,6,12
17,7,17
17,8,15
17,9,7
17,10,4
17,11,17
17,12,15
17,13,4
17,14,2
17,15,2
17,16,3
17,17,14
17,18,18
17,19,14
17,20,5
17,21,12
17,22,14
17,23,16
17,24,10
17,25,12
17,26,8
17,27,6
17,28,13
17,29,1
17,30,13
17,31,16
17,32,19
17,33,12
17,34,8
17,35,5
17,36,9
17,37,2
17,38,13
17,39,19
17,40,8
17,41,16
17,42,3
17,43,14
17,44,13
17,45,6
17,46,7
17,47,19
17,48,16
17,49,9
17,50,9
17,51,3
17,52,20
17,53,2
17,54,1
17,55,1
17,56,15
17,57,9
17,58,16
17,59,11
17,60,20
17,61,11
17,62,7
17,63,1
17,64,16
17,65,9
17,66,16
17,67,1
17,68,2
17,69,15
17,70,11
17,71,15
17,72,16
17,73,5
17,74,9
17,75,20
17,76,15
17,77,15
17,78,12
17,79,5
17,80,3
17,81,7
17,82,12
17,83,1
17,84,11
17,85,20
17,86,12
17,87,9
17,88,18
17,89,4
17,90,12
17,91,2
17,92,7
17,93,6
17,94,9
17,95,19
17,96,16
17,97,13
17,98,7
17,99,13
17,100,9
17,101,19
17,102,2
17,103,18
17,104,20
17,105,15
17,106,8
17,107,7
17,108,10
17,109,17
17,110,13
17,111,13
17,112,2
17,113,8
17,114,11
17,115,16
17,116,2
17,117,3
17,118,8
17,119,17
17,120,20
17,121,9
17,122,18
17,123,2
17,124,12
17,125,19
17,126,19
17,127,8
17,128,5
17,129,12
17,130,4
17,131,15
17,132,1
17,133,4
17,134,13
17,135,19
17,136,1
17,137,11
17,138,6
17,139,3
17,140,11
17,141,6
17,142,11
17,143,12
17,144,1
17,145,13
17,146,8
17,147,9
17,148,1
17,149,9
17,150,5
17,151,8
17,152,12
17,153,11
17,154,13
17,155,3
17,156,16
17,157,4
17,158,19
17,159,2
17,160,3
17,161,18
17,162,18
17,163,6
17,164,7
17,165,16
17,166,10
17,167,15
17,168,20
17,169,11
17,170,16
17,171,13
17,172,16
17,173,3
17,174,8
17,175,10
17,176,12
17,177,14
17,178,15
17,179,18
17,180,10
17,181,20
17,182,1
17,183,16
17,184,11
17,185,1
17,186,18
17,187,7
17,188,3
17,189,2
17,190,5
17,191,13
17,192,9
17,193,8
17,194,2
17,195,8
17,196,10
17,197,6
17,198,14
17,199,20
17,200,20
18,1,16
18,2,7
18,3,2
18,4,2
18,5,3
18,6,5
18,7,8
18,8,6
18,9,3
18,10,14
18,11,2
18,12,17
18,13,4
18,14,15
18,15,16
18,16,9
18,17,2
18,18,20
18,19,10
18,20,15
18,21,10
18,22,5
18,23,18
18,24,10
18,25,3
18,26,13
18,27,1
18,28,1
18,29,10
18,30,19
18,31,14
18,32,13
18,33,17
18,34,11
18,35,14
18,36,6
18,37,19
18,38,20
18,39,10
18,40,15
18,41,19
18,42,14
18,43,20
18,44,4
18,45,8
18,46,17
18,47,9
18,48,5
18,49,14
18,50,7
18,51,3
18,52,14
18,53,18
18,54,11
18,55,6
18,56,16
18,57,6
18,58,3
18,59,12
18,60,10
18,61,1
18,62,11
18,63,10
18,64,8
18,65,14
18,66,7
18,67,8
18,68,20
18,69,14
18,70,14
18,71,13
18,72,9
18,73,17
18,74,3
18,75,7
18,76,7
18,77,4
18,78,13
18,79,2
18,80,9
18,81,16
18,82,14
18,83,1
18,84,2
18,85,2
18,86,20
18,87,13
18,88,8
18,89,15
18,90,19
18,91,10
18,92,6
18,93,1
18,94,12
18,95,14
18,96,6
18,97,1
18,98,6
18,99,17
18,100,13
18,101,13
18,102,11
18,103,11
18,104,9
18,105,10
18,106,3
18,107,20
18,108,10
18,109,20
18,110,2
18,111,8
18,112,8
18,113,13
18,114,9
18,115,9
18,116,8
18,117,12
18,118,10
18,119,4
18,120,17
18,121,18
18,122,12
18,123,9
18,124,20
18,125,1
18,126,19
18,127,20
18,128,1
18,129,4
18,130,8
18,131,18
18,132,5
18,133,1
18,134,20
18,135,17
18,136,18
18,137,11
18,138,14
18,139,6
18,140,1
18,141,8
18,142,11
18,143,8
18,144,2
18,145,12
18,146,18
18,147,7
18,148,6
18,149,12
18,150,7
18,151,18
18,152,4
18,153,19
18,154,4
18,155,15
18,156,17
18,157,20
18,158,17
18,159,18
18,160,1
18,161,5
18,162,2
18,163,14
18,164,3
18,165,2
18,166,1
18,167,1
18,168,16
18,169,7
18,170,20
18,171,8
18,172,11
18,173,11
18,174,11
18,175,14
18,176,14
18,177,7
18,178,15
18,179,10
18,180,12
18,181,13
18,182,11
18,183,9
18,184,6
18,185,10
18,186,16
18,187,11
18,188,11
18,189,3
18,190,11
18,191,12
18,192,14
18,193,17
18,194,14
18,195,19
18,196,11
18,197,3
18,198,2
18,199,7
18,200,8
19,1,4
19,2,18
19,3,5
19,4,16
19,5,13
19,6,8
19,7,16
19,8,16
19,9,7
19,10,13
19,11,17
19,12,1
19,13,9
19,14,3
19,15,12
19,16,8
19,17,7
19,18,3
19,19,5
19,20,16
19,21,16
19,22,3
19,23,15
19,24,2
19,25,14
19,26,2
19,27,4
19,28,19
19,29,11
19,30,10
19,31,9
19,32,6
19,33,14
19,34,16
19,35,4
19,36,16
19,37,17
19,38,4
19,39,15
19,40,8
19,41,10
19,42,4
19,43,15
19,44,2
19,45,7
19,46,2
19,47,7
19,48,10
19,49,6
19,50,4
19,51,20
19,52,16
19,53,2
19,54,7
19,55,3
19,56,18
19,57,3
19,58,4
19,59,17
19,60,7
19,61,4
19,62,5
19,63,18
19,64,1
19,65,17
19,66,12
19,67,2
19,68,13
19,69,19
19,70,10
19,71,4
19,72,11
19,73,5
19,74,11
19,75,6
19,76,7
19,77,9
19,78,6
19,79,7
19,80,17
19,81,6
19,82,2
19,83,15
19,84,19
19,85,17
19,86,8
19,87,18
19,88,13
19,89,5
19,90,9
19,91,14
19,92,18
19,93,20
19,94,10
19,95,1
19,96,18
19,97,1
19,98,18
19,99,12
19,100,2
19,101,1
19,102,6
19,103,7
19,104,20
19,105,12
19,106,3
19,107,1
19,108,1
19,109,4
19,110,8
19,111,1
19,112,20
19,113,10
19,114,7
19,115,12
19,116,17
19,117,4
19,118,4
19,119,5
19,120,4
19,121,9
19,122,16
19,123,4
19,124,7
19,125,3
19,126,3
19,127,20
19,128,8
19,129,2
19,130,18
19,131,6
19,132,16
19,133,6
19,134,12
19,135,17
19,136,15
19,137,7
19,138,3
19,139,2
19,140,17
19,141,5
19,142,15
19,143,3
19,144,15
19,145,6
19,146,1
19,147,13
19,148,16
19,149,6
19,150,8
19,151,2
19,152,1
19,153,6
19,154,14
19,155,17
19,156,5
19,157,18
19,158,9
19,159,11
19,160,1
19,161,15
19,162,18
19,163,18
19,164,9
19,165,3
19,166,1
19,167,7
19,168,17
19,169,6
19,170,18
19,171,9
19,172,17
19,173,16
19,174,20
19,175,6
19,176,18
19,177,13
19,178,4
19,179,6
19,180,2
19,181,13
19,182,3
19,183,6
19,184,15
19,185,16
19,186,5
19,187,13
19,188,16
19,189,18
19,190,17
19,191,18
19,192,8
19,193,14
19,194,8
19,195,3
19,196,13
19,197,10
19,198,16
19,199,19
19,200,19
20,1,19
20,2,1
20,3,5
20,4,17
20,5,17
20,6,18
20,7,10
20,8,2
20,9,19
20,10,10
20,11,17
20,12,17
20,13,3
20,14,20
20,15,10
20,16,8
20,17,2
20,18,3
20,19,10
20,20,12
20,21,18
20,22,13
20,23,18
20,24,18
20,25,6
20,26,6
20,27,8
20,28,3
20,29,5
20,30,12
20,31,14
20,32,20
20,33,1
20,34,19
20,35,1
20,36,1
20,37,13
20,38,11
20,39,8
20,40,4
20,41,6
20,42,1
20,43,19
20,44,6
20,45,18
20,46,7
20,47,3
20,48,3
20,49,15
20,50,7
20,51,8
20,52,13
20,53,10
20,54,19
20,55,2
20,56,7
20,57,4
20,58,9
20,59,7
20,60,11
20,61,6
20,62,7
20,63,5
20,64,1
20,65,20
20,66,4
20,67,3
20,68,6
20,69,19
20,70,7
20,71,3
20,72,14
20,73,18
20,74,12
20,75,3
20,76,20
20,77,18
20,78,12
20,79,9
20,80,11
20,81,16
20,82,11
20,83,15
20,84,11
20,85,19
20,86,11
20,87,4
20,88,15
20,89,3
20,90,7
20,91,7
20,92,18
20,93,11
20,94,6
20,95,18
20,96,11
20,97,4
20,98,4
20,99,11
20,100,13
20,101,3
20,102,19
20,103,16
20,104,20
20,105,20
20,106,3
20,107,7
20,108,5
20,109,15
20,110,18
20,111,20
20,112,2
20,113,3
20,114,7
20,115,7
20,116,12
20,117,16
20,118,19
20,119,6
20,120,18
20,121,19
20,122,4
20,123,1
20,124,9
20,125,5
20,126,13
20,127,14
20,128,1
20,129,9
20,130,16
20,131,13
20,132,18
20,133,9
20,134,8
20,135,4
20,136,11
20,137,8
20,138,4
20,139,9
20,140,16
20,141,18
20,142,8
20,143,6
20,144,12
20,145,8
20,146,4
20,147,13
20,148,20
20,149,3
20,150,7
20,151,9
20,152,2
20,153,6
20,154,7
20,155,14
20,156,2
20,157,2
20,158,3
20,159,19
20,160,15
20,161,10
20,162,13
20,163,4
20,164,8
20,165,9
20,166,13
20,167,7
20,168,10
20,169,7
20,170,3
20,171,2
20,172,6
20,173,11
20,174,14
20,175,1
20,176,2
20,177,17
20,178,15
20,179,2
20,180,19
20,181,4
20,182,7
20,183,8
20,184,15
20,185,15
20,186,19
20,187,11
20,188,4
20,189,16
20,190,6
20,191,10
20,192,16
20,193,8
20,194,18
20,195,2
20,196,15
20,197,13
20,198,1
20,199,15
20,200,10
21,1,4
21,2,8
21,3,2
21,4,3
21,5,14
21,6,18
21,7,16
21,8,10
21,9,20
21,10,2
21,11,9
21,12,6
21,13,15
21,14,3
21,15,12
21,16,20
21,17,19
21,18,6
21,19,11
21,20,13
21,21,6
21,22,12
21,23,17
21,24,8
21,25,15
21,26,15
21,27,4
21,28,3
21,29,16
21,30,5
21,31,6
21,32,18
21,33,12
21,34,2
21,35,18
21,36,20
21,37,3
21,38,12
21,39,10
21,40,20
21,41,3
21,42,12
21,43,15
21,44,6
21,45,3
21,46,10
21,47,6
21,48,4
21,49,1
21,50,11
21,51,14
21,52,3
21,53,16
21,54,16
21,55,18
21,56,14
21,57,2
21,58,4
21,59,19
21,60,4
21,61,5
21,62,18
21,63,7
21,64,6
21,65,19
21,66,10
21,67,13
21,68,19
21,69,2
21,70,12
21,71,18
21,72,2
21,73,11
21,74,16
21,75,8
21,76,17
21,77,5
21,78,3
21,79,20
21,80,10
21,81,5
21,82,1
21,83,2
21,84,6
21,85,19
21,86,17
21,87,2
21,88,18
21,89,20
21,90,9
21,91,1
21,92,9
21,93,10
21,94,12
21,95,12
21,96,16
21,97,11
21,98,14
21,99,1
21,100,16
21,101,4
21,102,6
21,103,10
21,104,5
21,105,6
21,106,3
21,107,3
21,108,14
21,109,10
21,110,17
21,111,3
21,112,1
21,113,18
21,114,17
21,115,9
21,116,20
21,117,10
21,118,12
21,119,9
21,120,14
21,121,20
21,122,17
21,123,1
21,124,15
21,125,11
21,126,15
21,127,2
21,128,2
21,129,10
21,130,18
21,131,5
21,132,1
21,133,13
21,134,9
21,135,17
21,136,4
21,137,8
21,138,9
21,139,3
21,140,15
21,141,8
21,142,20
21,143,11
21,144,14
21,145,6
21,146,8
21,147,12
21,148,12
21,149,6
21,150,18
21,151,3
21,152,10
21,153,6
21,154,16
21,155,8
21,156,16
21,157,15
21,158,16
21,159,16
21,160,12
21,161,16
21,162,9
21,163,4
21,164,20
21,165,17
21,166,10
21,167,5
21,168,20
21,169,2
21,170,9
21,171,3
21,172,20
21,173,7
21,174,6
21,175,2
21,176,19
21,177,18
21,178,15
21,179,3
21,180,6
21,181,2
21,182,2
21,183,8
21,184,6
21,185,6
21,186,5
21,187,18
21,188,7
21,189,19
21,190,20
21,191,11
21,192,13
21,193,11
21,194,6
21,195,3
21,196,15
21,197,6
21,198,5
21,199,3
21,200,4
22,1,10
22,2,10
22,3,17
22,4,8
22,5,16
22,6,10
22,7,11
22,8,1
22,9,20
22,10,1
22,11,12
22,12,18
22,13,16
22,14,7
22,15,2
22,16,18
22,17,7
22,18,11
22,19,7
22,20,17
22,21,6
22,22,12
22,23,18
22,24,5
22,25,12
22,26,14
22,27,10
22,28,1
22,29,2
22,30,4
22,31,3
22,32,2
22,33,7
22,34,4
22,35,3
22,36,11
22,37,18
22,38,9
22,39,12
22,40,1
22,41,13
22,42,9
22,43,16
22,44,4
22,45,4
22,46,15
22,47,16
22,48,15
22,49,12
22,50,14
22,51,2
22,52,18
22,53,13
22,54,12
22,55,15
22,56,12
22,57,1
22,58,8
22,59,16
22,60,12
22,61,14
22,62,12
22,63,9
22,64,10
22,65,2
22,66,6
22,67,7
22,68,5
22,69,11
22,70,15
22,71,1
22,72,3
22,73,5
22,74,7
22,75,10
22,76,18
22,77,12
22,78,13
22,79,16
22,80,15
22,81,6
22,82,3
22,83,14
22,84,16
22,85,11
22,86,6
22,87,12
22,88,14
22,89,20
22,90,12
22,91,15
22,92,13
22,93,10
22,94,11
22,95,12
22,96,10
22,97,4
22,98,9
22,99,6
22,100,5
22,101,6
22,102,10
22,103,19
22,104,5
22,105,12
22,106,3
22,107,20
22,108,20
22,109,5
22,110,2
22,111,6
22,112,19
22,113,3
22,114,8
22,115,10
22,116,12
22,117,8
22,118,18
22,119,19
22,120,9
22,121,9
22,122,13
22,123,14
22,124,12
22,125,15
22,126,3
22,127,5
22,128,4
22,129,17
22,130,4
22,131,18
22,132,2
22,133,11
22,134,18
22,135,9
22,136,15
22,137,8
22,138,8
22,139,3
22,140,5
22,141,16
22,142,1
22,143,14
22,144,2
22,145,16
22,146,4
22,147,13
22,148,9
22,149,14
22,150,3
22,151,8
22,152,6
22,153,3
22,154,2
22,155,6
22,156,15
22,157,9
22,158,7
22,159,3
22,160,9
22,161,10
22,162,9
22,163,18
22,164,5
22,165,3
22,166,11
22,167,15
22,168,12
22,169,16
22,170,16
22,171,3
22,172,8
22,173,19
22,174,10
22,175,6
22,176,17
22,177,18
22,178,10
22,179,8
22,180,5
22,181,13
22,182,12
22,183,10
22,184,16
22,185,8
22,186,6
22,187,4
22,188,17
22,189,1
22,190,6
22,191,12
22,192,14
22,193,19
22,194,3
22,195,17
22,196,6
22,197,2
22,198,13
22,199,5
22,200,17
23,1,17
23,2,7
23,3,4
23,4,19
23,5,12
23,6,19
23,7,2
23,8,17
23,9,11
23,10,14
23,11,17
23,12,4
23,13,12
23,14,13
23,15,20
23,16,10
23,17,1
23,18,10
23,19,12
23,20,4
23,21,2
23,22,1
23,23,20
23,24,20
23,25,7
23,26,3
23,27,14
23,28,11
23,29,16
23,30,5
23,31,16
23,32,3
23,33,19
23,34,2
23,35,18
23,36,18
23,37,3
23,38,1
23,39,2
23,40,7
23,41,15
23,42,4
23,43,11
23,44,18
23,45,5
23,46,5
23,47,1
23,48,18
23,49,4
23,50,17
23,51,7
23,52,6
23,53,12
23,54,3
23,55,2
23,56,15
23,57,5
23,58,4
23,59,18
23,60,19
23,61,9
23,62,2
23,63,1
23,64,4
23,65,2
23,66,17
23,67,16
23,68,9
23,69,3
23,70,10
23,71,2
23,72,13
23,73,5
23,74,3
23,75,6
23,76,11
23,77,18
23,78,19
23,79,20
23,80,6
23,81,16
23,82,20
23,83,2
23,84,6
23,85,11
23,86,11
23,87,3
23,88,19
23,89,11
23,90,3
23,91,10
23,92,9
23,93,19
23,94,10
23,95,5
23,96,13
23,97,9
23,98,20
23,99,6
23,100,17
23,101,15
23,102,13
23,103,9
23,104,17
23,105,3
23,106,18
23,107,11
23,108,8
23,109,14
23,110,15
23,111,19
23,112,16
23,113,15
23,114,15
23,115,10
23,116,18
23,117,12
23,118,16
23,119,5
23,120,11
23,121,13
23,122,4
23,123,8
23,124,17
23,125,17
23,126,11
23,127,17
23,128,9
23,129,6
23,130,13
23,131,10
23,132,16
23,133,19
23,134,10
23,135,5
23,136,6
23,137,15
23,138,19
23,139,13
23,140,13
23,141,4
23,142,16
23,143,14
23,144,1
23,145,17
23,146,7
23,147,17
23,148,18
23,149,18
23,150,12
23,151,16
23,152,10
23,153,12
23,154,4
23,155,7
23,156,16
23,157,8
23,158,10
23,159,12
23,160,6
23,161,19
23,162,6
23,163,4
23,164,8
23,165,12
23,166,17
23,167,5
23,168,20
23,169,17
23,170,11
23,171,6
23,172,5
23,173,5
23,174,13
23,175,9
23,176,11
23,177,3
23,178,15
23,179,4
23,180,19
23,181,9
23,182,2
23,183,4
23,184,12
23,185,12
23,186,3
23,187,8
23,188,17
23,189,16
23,190,19
23,191,9
23,192,3
23,193,1
23,194,6
23,195,13
23,196,6
23,197,4
23,198,11
23,199,20
23,200,8
24,1,15
24,2,9
24,3,14
24,4,20
24,5,1
24,6,6
24,7,15
24,8,14
24,9,19
24,10,10
24,11,17
24,12,16
24,13,15
24,14,3
24,15,6
24,16,5
24,17,6
24,18,16
24,19,14
24,20,6
24,21,2
24,22,17
24,23,9
24,24,17
24,25,6
24,26,13
24,27,20
24,28,17
24,29,6
24,30,20
24,31,10
24,32,19
24,33,18
24,34,2
24,35,8
24,36,2
24,37,1
24,38,7
24,39,5
24,40,7
24,41,15
24,42,17
24,43,17
24,44,19
24,45,18
24,46,2
24,47,20
24,48,1
24,49,20
24,50,18
24,51,9
24,52,7
24,53,13
24,54,18
24,55,10
24,56,10
24,57,12
24,58,13
24,59,1
24,60,15
24,61,15
24,62,12
24,63,18
24,64,17
24,65,20
24,66,19
24,67,14
24,68,6
24,69,2
24,70,7
24,71,8
24,72,8
24,73,17
24,74,16
24,75,7
24,76,15
24,77,12
24,78,13
24,79,1
24,80,10
24,81,20
24,82,20
24,83,16
24,84,19
24,85,9
24,86,7
24,87,9
24,88,7
24,89,5
24,90,20
24,91,14
24,92,8
24,93,8
24,94,3
24,95,20
24,96,19
24,97,10
24,98,19
24,99,20
24,100,6
24,101,19
24,102,20
24,103,7
24,104,12
24,105,20
24,106,1
24,107,7
24,108,20
24,109,1
24,110,1
24,111,13
24,112,7
24,113,5
24,114,19
24,115,3
24,116,2
24,117,1
24,118,2
24,119,14
24,120,18
24,121,20
24,122,20
24,123,8
24,124,2
24,125,20
24,126,20
24,127,8
24,128,10
24,129,17
24,130,9
24,131,8
24,132,9
24,133,1
24,134,1
24,135,9
24,136,2
24,137,1
24,138,3
24,139,16
24,140,12
24,141,12
24,142,12
24,143,14
24,144,6
24,145,13
24,146,2
24,147,13
24,148,20
24,149,7
24,150,5
24,151,19
24,152,19
24,153,1
24,154,10
24,155,20
24,156,17
24,157,5
24,158,5
24,159,19
24,160,6
24,161,1
24,162,5
24,163,1
24,164,3
24,165,5
24,166,20
24,167,6
24,168,14
24,169,15
24,170,5
24,171,1
24,172,1
24,173,20
24,174,2
24,175,5
24,176,19
24,177,6
24,178,1
24,179,2
24,180,20
24,181,1
24,182,9
24,183,7
24,184,19
24,185,14
24,186,12
24,187,3
24,188,13
24,189,8
24,190,14
24,191,7
24,192,8
24,193,20
24,194,8
24,195,1
24,196,3
24,197,10
24,198,18
24,199,20
24,200,15
25,1,16
25,2,12
25,3,9
25,4,11
25,5,13
25,6,9
25,7,16
25,8,13
25,9,9
25,10,19
25,11,11
25,12,19
25,13,9
25,14,4
25,15,9
25,16,9
25,17,3
25,18,11
25,19,5
25,20,3
25,21,1
25,22,17
25,23,11
25,24,11
25,25,2
25,26,17
25,27,2
25,28,6
25,29,19
25,30,4
25,31,20
25,32,7
25,33,14
25,34,5
25,35,16
25,36,10
25,37,3
25,38,8
25,39,13
25,40,16
25,41,11
25,42,17
25,43,11
25,44,6
25,45,6
25,46,10
25,47,17
25,48,12
25,49,17
25,50,17
25,51,6
25,52,5
25,53,10
25,54,5
25,55,5
25,56,8
25,57,11
25,58,2
25,59,14
25,60,6
25,61,5
25,62,9
25,63,1
25,64,1
25,65,11
25,66,9
25,67,14
25,68,5
25,69,17
25,70,18
25,71,18
25,72,13
25,73,17
25,74,5
25,75,12
25,76,16
25,77,6
25,78,17
25,79,6
25,80,11
25,81,13
25,82,10
25,83,14
25,84,11
25,85,13
25,86,17
25,87,11
25,88,7
25,89,20
25,90,3
25,91,7
25,92,2
25,93,4
25,94,9
25,95,2
25,96,8
25,97,13
25,98,18
25,99,17
25,100,5
25,101,1
25,102,10
25,103,3
25,104,14
25,105,15
25,106,8
25,107,16
25,108,18
25,109,20
25,110,3
25,111,20
25,112,20
25,113,4
25,114,8
25,115,15
25,116,10
25,117,20
25,118,6
25,119,14
25,120,10
25,121,6
25,122,17
25,123,8
25,124,17
25,125,8
25,126,16
25,127,3
25,128,9
25,129,4
25,130,1
25,131,13
25,132,11
25,133,16
25,134,15
25,135,20
25,136,12
25,137,6
25,138,2
25,139,8
25,140,14
25,141,11
25,142,17
25,143,11
25,144,17
25,145,11
25,146,2
25,147,3
25,148,7
25,149,15
25,150,10
25,151,2
25,152,5
25,153,18
25,154,17
25,155,13
25,156,5
25,157,20
25,158,7
25,159,3
25,160,8
25,161,9
25,162,18
25,163,16
25,164,10
25,165,5
25,166,14
25,167,13
25,168,14
25,169,9
25,170,1
25,171,10
25,172,7
25,173,14
25,174,10
25,175,11
25,176,5
25,177,5
25,178,8
25,179,6
25,180,18
25,181,19
25,182,8
25,183,15
25,184,18
25,185,8
25,186,9
25,187,16
25,188,19
25,189,16
25,190,17
25,191,16
25,192,16
25,193,10
25,194,17
25,195,14
25,196,13
25,197,12
25,198,20
25,199,12
25,200,15
26,1,11
26,2,11
26,3,10
26,4,5
26,5,3
26,6,13
26,7,7
26,8,17
26,9,12
26,10,5
26,11,6
26,12,15
26,13,12
26,14,6
26,15,6
26,16,16
26,17,9
26,18,4
26,19,7
26,20,8
26,21,8
26,22,10
26,23,8
26,24,8
26,25,2
26,26,13
26,27,15
26,28,9
26,29,4
26,30,19
26,31,18
26,32,11
26,33,3
26,34,10
26,35,13
26,36,10
26,37,11
26,38,11
26,39,17
26,40,9
26,41,8
26,42,10
26,43,16
26,44,11
26,45,4
26,46,2
26,47,6
26,48,6
26,49,1
26,50,8
26,51,6
26,52,7
26,53,8
26,54,7
26,55,9
26,56,2
26,57,8
26,58,4
26,59,17
26,60,12
26,61,3
26,62,12
26,63,20
26,64,5
26,65,15
26,66,9
26,67,15
26,68,15
26,69,9
26,70,9
26,71,15
26,72,11
26,73,17
26,74,7
26,75,9
26,76,17
26,77,13
26,78,11
26,79,1
26,80,9
26,81,5
26,82,8
26,83,13
26,84,8
26,85,9
26,86,8
26,87,15
26,88,13
26,89,1
26,90,12
26,91,9
26,92,10
26,93,12
26,94,15
26,95,7
26,96,20
26,97,13
26,98,1
26,99,8
26,100,11
26,101,9
26,102,18
26,103,11
26,104,4
26,105,6
26,106,12
26,107,18
26,108,9
26,109,17
26,110,18
26,111,20
26,112,20
26,113,16
26,114,6
26,115,3
26,116,1
26,117,20
26,118,7
26,119,4
26,120,6
26,121,20
26,122,3
26,123,8
26,124,3
26,125,18
26,126,4
26,127,8
26,128,4
26,129,12
26,130,9
26,131,15
26,132,18
26,133,3
26,134,8
26,135,7
26,136,4
26,137,10
26,138,1
26,139,4
26,140,17
26,141,7
26,142,16
26,143,17
26,144,14
26,145,12
26,146,19
26,147,3
26,148,17
26,149,6
26,150,8
26,151,7
26,152,5
26,153,20
26,154,12
26,155,12
26,156,8
26,157,4
26,158,11
26,159,12
26,160,11
26,161,15
26,162,4
26,163,15
26,164,9
26,165,18
26,166,4
26,167,13
26,168,9
26,169,4
26,170,20
26,171,11
26,172,12
26,173,18
26,174,14
26,175,15
26,176,6
26,177,17
26,178,17
26,179,20
26,180,20
26,181,6
26,182,11
26,183,5
26,184,13
26,185,18
26,186,9
26,187,9
26,188,15
26,189,20
26,190,20
26,191,4
26,192,11
26,193,20
26,194,3
26,195,13
26,196,8
26,197,7
26,198,19
26,199,7
26,200,12
27,1,17
27,2,5
27,3,6
27,4,16
27,5,13
27,6,6
27,7,3
27,8,3
27,9,7
27,10,20
27,11,9
27,12,18
27,13,10
27,14,19
27,15,2
27,16,16
27,17,2
27,18,20
27,19,7
27,20,12
27,21,5
27,22,20
27,23,17
27,24,12
27,25,16
27,26,7
27,27,11
27,28,17
27,29,6
27,30,6
27,31,3
27,32,13
27,33,8
27,34,14
27,35,10
27,36,7
27,37,13
27,38,5
27,39,8
27,40,3
27,41,10
27,42,12
27,43,7
27,44,19
27,45,9
27,46,3
27,47,11
27,48,16
27,49,15
27,50,18
27,51,9
27,52,1
27,53,12
27,54,1
27,55,9
27,56,18
27,57,12
27,58,2
27,59,5
27,60,2
27,61,19
27,62,17
27,63,4
27,64,11
27,65,2
27,66,14
27,67,15
27,68,17
27,69,5
27,70,11
27,71,14
27,72,5
27,73,4
27,74,13
27,75,18
27,76,20
27,77,3
27,78,19
27,79,2
27,80,9
27,81,19
27,82,2
27,83,7
27,84,10
27,85,4
27,86,15
27,87,12
27,88,6
27,89,20
27,90,10
27,91,8
27,92,17
27,93,15
27,94,4
27,95,19
27,96,11
27,97,3
27,98,10
27,99,18
27,100,5
27,101,7
27,102,6
27,103,16
27,104,5
27,105,18
27,106,19
27,107,17
27,108,1
27,109,8
27,110,10
27,111,19
27,112,20
27,113,1
27,114,7
27,115,17
27,116,6
27,117,3
27,118,6
27,119,8
27,120,17
27,121,7
27,122,7
27,123,4
27,124,18
27,125,8
27,126,10
27,127,7
27,128,16
27,129,11
27,130,18
27,131,4
27,132,7
27,133,2
27,134,6
27,135,9
27,136,2
27,137,12
27,138,6
27,139,5
27,140,4
27,141,8
27,142,7
27,143,2
27,144,15
27,145,15
27,146,7
27,147,2
27,148,7
27,149,10
27,150,8
27,151,9
27,152,12
27,153,2
27,154,20
27,155,1
27,156,13
27,157,19
27,158,6
27,159,6
27,160,2
27,161,7
27,162,16
27,163,15
27,164,2
27,165,18
27,166,13
27,167,13
27,168,10
27,169,16
27,170,19
27,171,3
27,172,9
27,173,8
27,174,11
27,175,1
27,176,19
27,177,20
27,178,19
27,179,13
27,180,9
27,181,15
27,182,1
27,183,1
27,184,20
27,185,12
27,186,20
27,187,4
27,188,18
27,189,1
27,190,11
27,191,17
27,192,12
27,193,19
27,194,14
27,195,1
27,196,15
27,197,14
27,198,9
27,199,16
27,200,14
28,1,13
28,2,1
28,3,17
28,4,5
28,5,13
28,6,15
28,7,2
28,8,2
28,9,5
28,10,7
28,11,15
28,12,2
28,13,16
28,14,20
28,15,14
28,16,6
28,17,9
28,18,7
28,19,7
28,20,5
28,21,2
28,22,4
28,23,12
28,24,13
28,25,16
28,26,14
28,27,15
28,28,9
28,29,14
28,30,5
28,31,3
28,32,5
28,33,8
28,34,9
28,35,4
28,36,9
28,37,10
28,38,13
28,39,19
28,40,2
28,41,18
28,42,11
28,43,14
28,44,12
28,45,17
28,46,14
28,47,20
28,48,5
28,49,16
28,50,1
28,51,2
28,52,14
28,53,4
28,54,5
28,55,18
28,56,7
28,57,5
28,58,10
28,59,13
28,60,16
28,61,7
28,62,9
28,63,2
28,64,12
28,65,18
28,66,19
28,67,11
28,68,16
28,69,8
28,70,7
28,71,1
28,72,9
28,73,3
28,74,18
28,75,19
28,76,8
28,77,20
28,78,15
28,79,3
28,80,3
28,81,18
28,82,2
28,83,7
28,84,7
28,85,2
28,86,14
28,87,19
28,88,19
28,89,17
28,90,15
28,91,12
28,92,13
28,93,18
28,94,10
28,95,17
28,96,14
28,97,7
28,98,14
28,99,5
28,100,14
28,101,20
28,102,12
28,103,11
28,104,3
28,105,14
28,106,4
28,107,16
28,108,13
28,109,2
28,110,15
28,111,20
28,112,3
28,113,9
28,114,20
28,115,16
28,116,11
28,117,4
28,118,4
28,119,14
28,120,3
28,121,18
28,122,8
28,123,11
28,124,19
28,125,12
28,126,10
28,127,20
28,128,1
28,129,2
28,130,14
28,131,18
28,132,1
28,133,3
28,134,8
28,135,8
28,136,17
28,137,5
28,138,4
28,139,15
28,140,10
28,141,1
28,142,12
28,143,6
28,144,14
28,145,17
28,146,8
28,147,7
28,148,7
28,149,5
28,150,12
28,151,12
28,152,2
28,153,20
28,154,4
28,155,6
28,156,3
28,157,3
28,158,3
28,159,3
28,160,3
28,161,16
28,162,20
28,163,4
28,164,9
28,165,12
28,166,1
28,167,16
28,168,16
28,169,14
28,170,2
28,171,20
28,172,13
28,173,13
28,174,11
28,175,11
28,176,2
28,177,10
28,178,11
28,179,13
28,180,8
28,181,4
28,182,1
28,183,3
28,184,4
28,185,16
28,186,7
28,187,4
28,188,7
28,189,6
28,190,9
28,191,14
28,192,8
28,193,3
28,194,12
28,195,5
28,196,16
28,197,9
28,198,20
28,199,14
28,200,19
29,1,5
29,2,6
29,3,2
29,4,17
29,5,12
29,6,3
29,7,9
29,8,14
29,9,9
29,10,5
29,11,4
29,12,10
29,13,12
29,14,11
29,15,11
29,16,14
29,17,13
29,18,4
29,19,19
29,20,12
29,21,4
29,22,16
29,23,16
29,24,7
29,25,6
29,26,16
29,27,6
29,28,9
29,29,14
29,30,16
29,31,15
29,32,1
29,33,6
29,34,8
29,35,11
29,36,1
29,37,16
29,38,11
29,39,2
29,40,9
29,41,7
29,42,16
29,43,16
29,44,1
29,45,17
29,46,19
29,47,18
29,48,3
29,49,17
29,50,4
29,51,3
29,52,20
29,53,2
29,54,7
29,55,4
29,56,4
29,57,13
29,58,9
29,59,6
29,60,15
29,61,19
29,62,20
29,63,14
29,64,3
29,65,16
29,66,2
29,67,13
29,68,13
29,69,13
29,70,10
29,71,20
29,72,5
29,73,10
29,74,7
29,75,20
29,76,12
29,77,18
29,78,15
29,79,3
29,80,2
29,81,18
29,82,20
29,83,2
29,84,6
29,85,18
29,86,13
29,87,13
29,88,19
29,89,15
29,90,6
29,91,3
29,92,18
29,93,12
29,94,2
29,95,7
29,96,15
29,97,2
29,98,13
29,99,9
29,100,18
29,101,14
29,102,2
29,103,8
29,104,9
29,105,5
29,106,15
29,107,8
29,108,6
29,109,16
29,110,15
29,111,2
29,112,16
29,113,16
29,114,11
29,115,2
29,116,20
29,117,2
29,118,16
29,119,7
29,120,13
29,121,19
29,122,19
29,123,5
29,124,19
29,125,18
29,126,10
29,127,8
29,128,20
29,129,1
29,130,10
29,131,16
29,132,11
29,133,2
29,134,1
29,135,10
29,136,19
29,137,8
29,138,5
29,139,4
29,140,11
29,141,13
29,142,2
29,143,20
29,144,4
29,145,14
29,146,16
29,147,14
29,148,5
29,149,15
29,150,17
29,151,14
29,152,17
29,153,20
29,154,2
29,155,15
29,156,4
29,157,20
29,158,9
29,159,1
29,160,9
29,161,16
29,162,9
29,163,2
29,164,2
29,165,4
29,166,4
29,167,20
29,168,19
29,169,2
29,170,10
29,171,1
29,172,2
29,173,17
29,174,17
29,175,15
29,176,20
29,177,7
29,178,14
29,179,4
29,180,17
29,181,7
29,182,15
29,183,2
29,184,13
29,185,20
29,186,7
29,187,10
29,188,2
29,189,14
29,190,8
29,191,19
29,192,3
29,193,5
29,194,16
29,195,1
29,196,16
29,197,9
29,198,19
29,199,10
29,200,4
30,1,7
30,2,17
30,3,1
30,4,17
30,5,1
30,6,20
30,7,7
30,8,12
30,9,11
30,10,2
30,11,12
30,12,1
30,13,19
30,14,11
30,15,11
30,16,18
30,17,18
30,18,13
30,19,5
30,20,14
30,21,4
30,22,3
30,23,9
30,24,16
30,25,20
30,26,8
30,27,11
30,28,2
30,29,7
30,30,1
30,31,13
30,32,17
30,33,19
30,34,19
30,35,17
30,36,13
30,37,2
30,38,19
30,39,4
30,40,5
30,41,11
30,42,16
30,43,4
30,44,7
30,45,18
30,46,3
30,47,18
30,48,11
30,49,3
30,50,16
30,51,10
30,52,5
30,53,1
30,54,20
30,55,5
30,56,12
30,57,18
30,58,16
30,59,17
30,60,20
30,61,7
30,62,1
30,63,9
30,64,9
30,65,13
30,66,11
30,67,10
30,68,18
30,69,1
30,70,20
30,71,2
30,72,2
30,73,7
30,74,2
30,75,3
30,76,1
30,77,5
30,78,7
30,79,10
30,80,2
30,81,5
30,82,11
30,83,11
30,84,3
30,85,19
30,86,3
30,87,5
30,88,1
30,89,10
30,90,5
30,91,14
30,92,9
30,93,5
30,94,5
30,95,14
30,96,12
30,97,8
30,98,1
30,99,5
30,100,17
30,101,17
30,102,8
30,103,3
30,104,14
30,105,2
30,106,6
30,107,10
30,108,10
30,109,16
30,110,17
30,111,5
30,112,2
30,113,17
30,114,13
30,115,1
30,116,5
30,117,18
30,118,16
30,119,20
30,120,13
30,121,13
30,122,19
30,123,16
30,124,2
30,125,13
30,126,8
30,127,1
30,128,3
30,129,9
30,130,9
30,131,15
30,132,19
30,133,1
30,134,13
30,135,15
30,136,11
30,137,5
30,138,1
30,139,12
30,140,14
30,141,20
30,142,14
30,143,19
30,144,1
30,145,9
30,146,18
30,147,9
30,148,5
30,149,2
30,150,11
30,151,10
30,152,14
30,153,2
30,154,15
30,155,12
30,156,13
30,157,1
30,158,14
30,159,16
30,160,3
30,161,6
30,162,16
30,163,16
30,164,6
30,165,3
30,166,5
30,167,16
30,168,13
30,169,11
30,170,15
30,171,6
30,172,19
30,173,20
30,174,7
30,175,3
30,176,12
30,177,19
30,178,7
30,179,18
30,180,10
30,181,1
30,182,8
30,183,11
30,184,18
30,185,6
30,186,19
30,187,10
30,188,11
30,189,5
30,190,15
30,191,16
30,192,10
30,193,13
30,194,13
30,195,2
30,196,16
30,197,14
30,198,20
30,199,7
30,200,11
31,1,19
31,2,7
31,3,17
31,4,1
31,5,16
31,6,2
31,7,7
31,8,15
31,9,10
31,10,16
31,11,9
31,12,5
31,13,12
31,14,2
31,15,11
31,16,17
31,17,19
31,18,9
31,19,8
31,20,18
31,21,3
31,22,6
31,23,19
31,24,19
31,25,20
31,26,5
31,27,18
31,28,1
31,29,17
31,30,16
31,31,12
31,32,17
31,33,20
31,34,5
31,35,9
31,36,1
31,37,4
31,38,8
31,39,10
31,40,2
31,41,10
31,42,9
31,43,12
31,44,14
31,45,12
31,46,2
31,47,4
31,48,19
31,49,14
31,50,3
31,51,3
31,52,12
31,53,2
31,54,2
31,55,4
31,56,15
31,57,20
31,58,19
31,59,13
31,60,2
31,61,15
31,62,5
31,63,15
31,64,16
31,65,16
31,66,18
31,67,2
31,68,7
31,69,14
31,70,4
31,71,4
31,72,20
31,73,12
31,74,16
31,75,5
31,76,11
31,77,7
31,78,16
31,79,2
31,80,17
31,81,19
31,82,15
31,83,17
31,84,5
31,85,7
31,86,7
31,87,15
31,88,11
31,89,17
31,90,20
31,91,19
31,92,3
31,93,3
31,94,12
31,95,9
31,96,3
31,97,17
31,98,20
31,99,17
31,100,13
31,101,16
31,102,16
31,103,11
31,104,8
31,105,11
31,106,2
31,107,11
31,108,1
31,109,20
31,110,4
31,111,20
31,112,10
31,113,11
31,114,4
31,115,20
31,116,11
31,117,17
31,118,11
31,119,7
31,120,11
31,121,19
31,122,2
31,123,20
31,124,14
31,125,1
31,126,8
31,127,2
31,128,4
31,129,9
31,130,14
31,131,19
31,132,11
31,133,4
31,134,6
31,135,10
31,136,11
31,137,10
31,138,20
31,139,11
31,140,15
31,141,8
31,142,19
31,143,13
31,144,12
31,145,8
31,146,2
31,147,18
31,148,12
31,149,18
31,150,18
31,151,20
31,152,13
31,153,6
31,154,18
31,155,6
31,156,4
31,157,20
31,158,13
31,159,7
31,160,20
31,161,17
31,162,3
31,163,5
31,164,12
31,165,12
31,166,9
31,167,8
31,168,3
31,169,17
31,170,4
31,171,20
31,172,3
31,173,2
31,174,4
31,175,9
31,176,1
31,177,8
31,178,9
31,179,10
31,180,4
31,181,20
31,182,19
31,183,20
31,184,18
31,185,1
31,186,20
31,187,18
31,188,17
31,189,19
31,190,18
31,191,9
31,192,1
31,193,9
31,194,7
31,195,14
31,196,16
31,197,4
31,198,1
31,199,5
31,200,12
32,1,12
32,2,4
32,3,10
32,4,10
32,5,1
32,6,4
32,7,14
32,8,3
32,9,17
32,10,20
32,11,12
32,12,18
32,13,19
32,14,16
32,15,11
32,16,3
32,17,4
32,18,2
32,19,5
32,20,12
32,21,1
32,22,17
32,23,20
32,24,5
32,25,3
32,26,19
32,27,14
32,28,11
32,29,7
32,30,2
32,31,17
32,32,2
32,33,1
32,34,4
32,35,16
32,36,11
32,37,19
32,38,17
32,39,7
32,40,20
32,41,13
32,42,18
32,43,7
32,44,1
32,45,7
32,46,15
32,47,14
32,48,19
32,49,10
32,50,6
32,51,2
32,52,9
32,53,6
32,54,5
32,55,8
32,56,20
32,57,18
32,58,4
32,59,18
32,60,13
32,61,17
32,62,8
32,63,3
32,64,20
32,65,15
32,66,2
32,67,2
32,68,5
32,69,3
32,70,2
32,71,4
32,72,9
32,73,3
32,74,5
32,75,13
32,76,20
32,77,14
32,78,12
32,79,3
32,80,9
32,81,17
32,82,18
32,83,6
32,84,9
32,85,14
32,86,12
32,87,1
32,88,9
32,89,4
32,90,3
32,91,10
32,92,4
32,93,7
32,94,17
32,95,12
32,96,2
32,97,2
32,98,5
32,99,10
32,100,10
32,101,6
32,102,2
32,103,12
32,104,17
32,105,10
32,106,20
32,107,17
32,108,12
32,109,4
32,110,18
32,111,9
32,112,4
32,113,13
32,114,15
32,115,10
32,116,13
32,117,5
32,118,3
32,119,16
32,120,13
32,121,1
32,122,6
32,123,17
32,124,15
32,125,14
32,126,3
32,127,2
32,128,9
32,129,19
32,130,6
32,131,20
32,132,18
32,133,6
32,134,9
32,135,13
32,136,7
32,137,15
32,138,15
32,139,2
32,140,18
32,141,15
32,142,18
32,143,6
32,144,15
32,145,4
32,146,6
32,147,16
32,148,5
32,149,12
32,150,14
32,151,13
32,152,16
32,153,2
32,154,2
32,155,2
32,156,1
32,157,7
32,158,5
32,159,5
32,160,3
32,161,7
32,162,14
32,163,19
32,164,18
32,165,2
32,166,17
32,167,6
32,168,18
32,169,19
32,170,2
32,171,18
32,172,4
32,173,10
32,174,8
32,175,3
32,176,10
32,177,5
32,178,8
32,179,4
32,180,20
32,181,3
32,182,19
32,183,10
32,184,20
32,185,19
32,186,17
32,187,14
32,188,2
32,189,2
32,190,1
32,191,15
32,192,15
32,193,6
32,194,2
32,195,8
32,196,19
32,197,5
32,198,18
32,199,5
32,200,12
34,1,11
34,2,13
34,3,6
34,4,9
34,5,18
34,6,6
34,7,15
34,8,15
34,9,18
34,10,16
34,11,3
34,12,9
34,13,6
34,14,10
34,15,10
34,16,9
34,17,13
34,18,14
34,19,17
34,20,5
34,21,6
34,22,6
34,23,5
34,24,16
34,25,3
34,26,3
34,27,3
34,28,16
34,29,9
34,30,16
34,31,10
34,32,16
34,33,6
34,34,12
34,35,3
34,36,5
34,37,7
34,38,1
34,39,1
34,40,5
34,41,4
34,42,10
34,43,5
34,44,3
34,45,1
34,46,5
34,47,20
34,48,7
34,49,18
34,50,18
34,51,10
34,52,8
34,53,14
34,54,15
34,55,11
34,56,12
34,57,11
34,58,18
34,59,5
34,60,18
34,61,10
34,62,10
34,63,12
34,64,17
34,65,11
34,66,6
34,67,9
34,68,12
34,69,18
34,70,13
34,71,9
34,72,9
34,73,10
34,74,17
34,75,19
34,76,3
34,77,9
34,78,2
34,79,16
34,80,15
34,81,11
34,82,13
34,83,13
34,84,14
34,85,6
34,86,11
34,87,20
34,88,16
34,89,3
34,90,8
34,91,18
34,92,10
34,93,16
34,94,13
34,95,4
34,96,10
34,97,17
34,98,6
34,99,7
34,100,10
34,101,9
34,102,4
34,103,6
34,104,3
34,105,2
34,106,11
34,107,9
34,108,16
34,109,6
34,110,7
34,111,13
34,112,13
34,113,13
34,114,15
34,115,6
34,116,2
34,117,7
34,118,10
34,119,14
34,120,18
34,121,18
34,122,4
34,123,16
34,124,20
34,125,18
34,126,1
34,127,3
34,128,6
34,129,4
34,130,17
34,131,16
34,132,19
34,133,10
34,134,1
34,135,5
34,136,14
34,137,1
34,138,10
34,139,20
34,140,11
34,141,2
34,142,4
34,143,16
34,144,4
34,145,18
34,146,3
34,147,6
34,148,4
34,149,5
34,150,17
34,151,20
34,152,9
34,153,12
34,154,7
34,155,18
34,156,10
34,157,19
34,158,12
34,159,3
34,160,18
34,161,16
34,162,11
34,163,9
34,164,12
34,165,1
34,166,11
34,167,15
34,168,20
34,169,15
34,170,15
34,171,11
34,172,14
34,173,16
34,174,14
34,175,12
34,176,11
34,177,1
34,178,6
34,179,18
34,180,6
34,181,5
34,182,9
34,183,4
34,184,11
34,185,5
34,186,12
34,187,12
34,188,8
34,189,11
34,190,6
34,191,20
34,192,3
34,193,4
34,194,10
34,195,16
34,196,4
34,197,6
34,198,16
34,199,2
34,200,3
38,1,14
38,2,3
38,3,15
38,4,6
38,5,11
38,6,7
38,7,4
38,8,5
38,9,14
38,10,17
38,11,12
38,12,5
38,13,15
38,14,3
38,15,10
38,16,5
38,17,10
38,18,4
38,19,4
38,20,19
38,21,17
38,22,11
38,23,13
38,24,3
38,25,6
38,26,18
38,27,3
38,28,3
38,29,16
38,30,7
38,31,13
38,32,17
38,33,3
38,34,18
38,35,14
38,36,1
38,37,11
38,38,6
38,39,17
38,40,16
38,41,3
38,42,2
38,43,17
38,44,15
38,45,3
38,46,10
38,47,6
38,48,15
38,49,11
38,50,6
38,51,16
38,52,14
38,53,19
38,54,16
38,55,17
38,56,8
38,57,17
38,58,4
38,59,6
38,60,19
38,61,11
38,62,3
38,63,20
38,64,6
38,65,15
38,66,12
38,67,12
38,68,16
38,69,10
38,70,5
38,71,1
38,72,11
38,73,3
38,74,5
38,75,17
38,76,9
38,77,3
38,78,9
38,79,6
38,80,1
38,81,16
38,82,16
38,83,9
38,84,7
38,85,8
38,86,4
38,87,18
38,88,16
38,89,18
38,90,3
38,91,7
38,92,15
38,93,19
38,94,5
38,95,3
38,96,7
38,97,2
38,98,4
38,99,5
38,100,19
38,101,5
38,102,8
38,103,4
38,104,3
38,105,20
38,106,2
38,107,12
38,108,12
38,109,15
38,110,19
38,111,12
38,112,13
38,113,18
38,114,1
38,115,15
38,116,5
38,117,18
38,118,15
38,119,3
38,120,5
38,121,18
38,122,10
38,123,18
38,124,7
38,125,4
38,126,7
38,127,6
38,128,8
38,129,20
38,130,6
38,131,17
38,132,7
38,133,13
38,134,8
38,135,5
38,136,10
38,137,4
38,138,16
38,139,11
38,140,9
38,141,5
38,142,17
38,143,13
38,144,3
38,145,4
38,146,13
38,147,16
38,148,10
38,149,16
38,150,11
38,151,11
38,152,3
38,153,13
38,154,5
38,155,3
38,156,5
38,157,5
38,158,7
38,159,4
38,160,8
38,161,3
38,162,17
38,163,10
38,164,6
38,165,1
38,166,5
38,167,4
38,168,16
38,169,17
38,170,18
38,171,10
38,172,8
38,173,4
38,174,12
38,175,17
38,176,10
38,177,10
38,178,16
38,179,19
38,180,5
38,181,10
38,182,5
38,183,16
38,184,6
38,185,6
38,186,12
38,187,16
38,188,6
38,189,10
38,190,14
38,191,8
38,192,19
38,193,17
38,194,4
38,195,15
38,196,16
38,197,5
38,198,10
38,199,7
38,200,13
35,1,8
35,2,14
35,3,3
35,4,11
35,5,10
35,6,5
35,7,16
35,8,19
35,9,18
35,10,10
35,11,10
35,12,6
35,13,2
35,14,13
35,15,15
35,16,15
35,17,3
35,18,4
35,19,4
35,20,5
35,21,10
35,22,17
35,23,6
35,24,14
35,25,7
35,26,10
35,27,17
35,28,9
35,29,14
35,30,16
35,31,12
35,32,2
35,33,4
35,34,10
35,35,15
35,36,19
35,37,14
35,38,8
35,39,1
35,40,1
35,41,15
35,42,15
35,43,2
35,44,11
35,45,13
35,46,14
35,47,3
35,48,17
35,49,5
35,50,17
35,51,17
35,52,3
35,53,17
35,54,6
35,55,15
35,56,8
35,57,6
35,58,13
35,59,17
35,60,1
35,61,15
35,62,17
35,63,8
35,64,13
35,65,4
35,66,8
35,67,9
35,68,11
35,69,4
35,70,6
35,71,9
35,72,2
35,73,11
35,74,3
35,75,5
35,76,19
35,77,20
35,78,15
35,79,17
35,80,19
35,81,19
35,82,16
35,83,3
35,84,15
35,85,10
35,86,6
35,87,7
35,88,14
35,89,17
35,90,9
35,91,19
35,92,18
35,93,3
35,94,8
35,95,13
35,96,18
35,97,18
35,98,3
35,99,18
35,100,11
35,101,3
35,102,3
35,103,14
35,104,9
35,105,9
35,106,7
35,107,12
35,108,12
35,109,9
35,110,10
35,111,2
35,112,14
35,113,3
35,114,2
35,115,11
35,116,12
35,117,17
35,118,9
35,119,2
35,120,17
35,121,7
35,122,4
35,123,11
35,124,13
35,125,9
35,126,9
35,127,16
35,128,17
35,129,11
35,130,9
35,131,4
35,132,7
35,133,9
35,134,6
35,135,4
35,136,5
35,137,5
35,138,2
35,139,13
35,140,3
35,141,4
35,142,3
35,143,15
35,144,12
35,145,10
35,146,6
35,147,4
35,148,4
35,149,7
35,150,17
35,151,8
35,152,17
35,153,2
35,154,6
35,155,17
35,156,9
35,157,17
35,158,9
35,159,14
35,160,4
35,161,19
35,162,18
35,163,17
35,164,8
35,165,4
35,166,17
35,167,13
35,168,9
35,169,4
35,170,4
35,171,4
35,172,17
35,173,8
35,174,8
35,175,12
35,176,11
35,177,18
35,178,17
35,179,1
35,180,18
35,181,12
35,182,2
35,183,19
35,184,9
35,185,17
35,186,2
35,187,2
35,188,16
35,189,13
35,190,5
35,191,9
35,192,9
35,193,3
35,194,20
35,195,10
35,196,4
35,197,10
35,198,5
35,199,13
35,200,9
41,1,1
41,2,4
41,3,15
41,4,3
41,5,8
41,6,3
41,7,11
41,8,7
41,9,8
41,10,2
41,11,5
41,12,11
41,13,15
41,14,9
41,15,9
41,16,1
41,17,17
41,18,5
41,19,2
41,20,1
41,21,16
41,22,7
41,23,5
41,24,1
41,25,8
41,26,10
41,27,8
41,28,19
41,29,10
41,30,13
41,31,10
41,32,15
41,33,9
41,34,17
41,35,2
41,36,10
41,37,14
41,38,7
41,39,15
41,40,11
41,41,9
41,42,2
41,43,3
41,44,10
41,45,3
41,46,18
41,47,2
41,48,1
41,49,2
41,50,9
41,51,6
41,52,8
41,53,2
41,54,4
41,55,6
41,56,6
41,57,8
41,58,13
41,59,6
41,60,11
41,61,19
41,62,18
41,63,9
41,64,17
41,65,20
41,66,7
41,67,11
41,68,5
41,69,15
41,70,15
41,71,17
41,72,2
41,73,17
41,74,3
41,75,3
41,76,9
41,77,7
41,78,18
41,79,8
41,80,16
41,81,4
41,82,3
41,83,11
41,84,13
41,85,18
41,86,20
41,87,17
41,88,17
41,89,2
41,90,10
41,91,6
41,92,19
41,93,12
41,94,18
41,95,5
41,96,2
41,97,12
41,98,5
41,99,6
41,100,10
41,101,16
41,102,3
41,103,11
41,104,18
41,105,10
41,106,4
41,107,6
41,108,18
41,109,12
41,110,11
41,111,11
41,112,20
41,113,5
41,114,4
41,115,13
41,116,10
41,117,11
41,118,1
41,119,13
41,120,14
41,121,19
41,122,3
41,123,13
41,124,16
41,125,16
41,126,13
41,127,18
41,128,10
41,129,8
41,130,4
41,131,20
41,132,9
41,133,15
41,134,18
41,135,10
41,136,8
41,137,1
41,138,20
41,139,8
41,140,10
41,141,7
41,142,6
41,143,13
41,144,14
41,145,13
41,146,8
41,147,14
41,148,4
41,149,2
41,150,10
41,151,12
41,152,17
41,153,11
41,154,1
41,155,9
41,156,4
41,157,8
41,158,10
41,159,10
41,160,7
41,161,9
41,162,14
41,163,5
41,164,3
41,165,4
41,166,4
41,167,20
41,168,9
41,169,12
41,170,1
41,171,20
41,172,8
41,173,7
41,174,10
41,175,16
41,176,11
41,177,7
41,178,10
41,179,8
41,180,13
41,181,16
41,182,13
41,183,18
41,184,4
41,185,15
41,186,14
41,187,16
41,188,13
41,189,4
41,190,3
41,191,5
41,192,18
41,193,11
41,194,5
41,195,19
41,196,12
41,197,6
41,198,18
41,199,7
41,200,9
42,1,8
42,2,1
42,3,12
42,4,20
42,5,19
42,6,7
42,7,3
42,8,20
42,9,14
42,10,3
42,11,6
42,12,18
42,13,9
42,14,1
42,15,18
42,16,14
42,17,19
42,18,1
42,19,7
42,20,14
42,21,4
42,22,20
42,23,19
42,24,10
42,25,10
42,26,7
42,27,4
42,28,12
42,29,13
42,30,12
42,31,16
42,32,11
42,33,6
42,34,16
42,35,8
42,36,2
42,37,11
42,38,10
42,39,7
42,40,9
42,41,13
42,42,19
42,43,10
42,44,3
42,45,17
42,46,8
42,47,20
42,48,5
42,49,4
42,50,13
42,51,7
42,52,11
42,53,3
42,54,20
42,55,10
42,56,7
42,57,5
42,58,3
42,59,11
42,60,19
42,61,3
42,62,2
42,63,3
42,64,6
42,65,18
42,66,18
42,67,10
42,68,11
42,69,8
42,70,14
42,71,20
42,72,14
42,73,9
42,74,9
42,75,3
42,76,3
42,77,10
42,78,4
42,79,4
42,80,16
42,81,5
42,82,10
42,83,15
42,84,3
42,85,3
42,86,3
42,87,9
42,88,1
42,89,13
42,90,19
42,91,4
42,92,10
42,93,11
42,94,10
42,95,11
42,96,1
42,97,16
42,98,7
42,99,3
42,100,12
42,101,13
42,102,18
42,103,13
42,104,13
42,105,4
42,106,6
42,107,3
42,108,16
42,109,16
42,110,14
42,111,7
42,112,1
42,113,16
42,114,16
42,115,4
42,116,2
42,117,13
42,118,20
42,119,17
42,120,20
42,121,3
42,122,13
42,123,2
42,124,7
42,125,17
42,126,15
42,127,13
42,128,16
42,129,11
42,130,7
42,131,10
42,132,20
42,133,19
42,134,18
42,135,5
42,136,6
42,137,6
42,138,3
42,139,10
42,140,10
42,141,13
42,142,18
42,143,19
42,144,16
42,145,12
42,146,20
42,147,7
42,148,4
42,149,4
42,150,10
42,151,4
42,152,4
42,153,7
42,154,13
42,155,6
42,156,3
42,157,17
42,158,16
42,159,1
42,160,4
42,161,16
42,162,10
42,163,5
42,164,6
42,165,9
42,166,17
42,167,18
42,168,20
42,169,6
42,170,7
42,171,12
42,172,1
42,173,14
42,174,7
42,175,5
42,176,13
42,177,10
42,178,11
42,179,17
42,180,16
42,181,13
42,182,2
42,183,10
42,184,18
42,185,14
42,186,11
42,187,2
42,188,15
42,189,4
42,190,16
42,191,11
42,192,13
42,193,20
42,194,1
42,195,17
42,196,6
42,197,17
42,198,16
42,199,20
42,200,10
50,1,8
50,2,1
50,3,20
50,4,13
50,5,9
50,6,1
50,7,3
50,8,12
50,9,17
50,10,19
50,11,19
50,12,12
50,13,13
50,14,7
50,15,11
50,16,18
50,17,6
50,18,2
50,19,19
50,20,4
50,21,18
50,22,14
50,23,18
50,24,1
50,25,7
50,26,10
50,27,20
50,28,14
50,29,5
50,30,18
50,31,8
50,32,6
50,33,11
50,34,15
50,35,11
50,36,3
50,37,16
50,38,19
50,39,12
50,40,11
50,41,5
50,42,11
50,43,1
50,44,1
50,45,10
50,46,12
50,47,3
50,48,12
50,49,1
50,50,3
50,51,10
50,52,9
50,53,16
50,54,9
50,55,9
50,56,9
50,57,14
50,58,3
50,59,7
50,60,12
50,61,2
50,62,13
50,63,8
50,64,18
50,65,4
50,66,11
50,67,12
50,68,5
50,69,19
50,70,6
50,71,1
50,72,20
50,73,13
50,74,8
50,75,9
50,76,5
50,77,11
50,78,6
50,79,12
50,80,9
50,81,18
50,82,19
50,83,20
50,84,12
50,85,18
50,86,18
50,87,11
50,88,16
50,89,2
50,90,18
50,91,10
50,92,19
50,93,20
50,94,10
50,95,15
50,96,11
50,97,8
50,98,12
50,99,8
50,100,20
50,101,6
50,102,16
50,103,10
50,104,12
50,105,15
50,106,11
50,107,15
50,108,2
50,109,17
50,110,3
50,111,8
50,112,18
50,113,15
50,114,3
50,115,13
50,116,18
50,117,19
50,118,19
50,119,11
50,120,4
50,121,13
50,122,7
50,123,6
50,124,6
50,125,9
50,126,12
50,127,20
50,128,7
50,129,16
50,130,11
50,131,18
50,132,1
50,133,13
50,134,16
50,135,10
50,136,5
50,137,14
50,138,4
50,139,12
50,140,9
50,141,12
50,142,18
50,143,1
50,144,3
50,145,2
50,146,20
50,147,3
50,148,19
50,149,2
50,150,4
50,151,1
50,152,4
50,153,15
50,154,10
50,155,16
50,156,7
50,157,4
50,158,10
50,159,3
50,160,8
50,161,12
50,162,3
50,163,20
50,164,5
50,165,20
50,166,7
50,167,16
50,168,18
50,169,2
50,170,5
50,171,10
50,172,6
50,173,7
50,174,16
50,175,14
50,176,2
50,177,4
50,178,8
50,179,2
50,180,10
50,181,12
50,182,1
50,183,18
50,184,13
50,185,2
50,186,2
50,187,11
50,188,6
50,189,7
50,190,19
50,191,10
50,192,12
50,193,8
50,194,2
50,195,3
50,196,8
50,197,3
50,198,15
50,199,2
50,200,5
37,1,4
37,2,15
37,3,18
37,4,1
37,5,8
37,6,7
37,7,15
37,8,17
37,9,1
37,10,8
37,11,17
37,12,9
37,13,13
37,14,17
37,15,12
37,16,12
37,17,18
37,18,18
37,19,3
37,20,15
37,21,20
37,22,5
37,23,17
37,24,5
37,25,11
37,26,14
37,27,15
37,28,13
37,29,5
37,30,11
37,31,6
37,32,3
37,33,19
37,34,1
37,35,12
37,36,8
37,37,10
37,38,10
37,39,10
37,40,11
37,41,1
37,42,11
37,43,9
37,44,19
37,45,9
37,46,3
37,47,5
37,48,11
37,49,11
37,50,11
37,51,17
37,52,19
37,53,7
37,54,6
37,55,4
37,56,9
37,57,11
37,58,6
37,59,13
37,60,9
37,61,6
37,62,5
37,63,10
37,64,17
37,65,17
37,66,12
37,67,20
37,68,17
37,69,10
37,70,12
37,71,9
37,72,5
37,73,1
37,74,19
37,75,9
37,76,13
37,77,17
37,78,14
37,79,11
37,80,9
37,81,10
37,82,4
37,83,11
37,84,6
37,85,4
37,86,6
37,87,5
37,88,13
37,89,13
37,90,17
37,91,15
37,92,6
37,93,5
37,94,6
37,95,14
37,96,14
37,97,3
37,98,11
37,99,5
37,100,10
37,101,4
37,102,5
37,103,18
37,104,19
37,105,10
37,106,1
37,107,9
37,108,9
37,109,18
37,110,10
37,111,5
37,112,15
37,113,5
37,114,16
37,115,11
37,116,17
37,117,17
37,118,9
37,119,17
37,120,15
37,121,1
37,122,4
37,123,15
37,124,17
37,125,4
37,126,3
37,127,14
37,128,10
37,129,15
37,130,4
37,131,11
37,132,17
37,133,14
37,134,10
37,135,3
37,136,11
37,137,17
37,138,18
37,139,2
37,140,6
37,141,5
37,142,5
37,143,10
37,144,18
37,145,5
37,146,18
37,147,7
37,148,11
37,149,2
37,150,2
37,151,2
37,152,13
37,153,4
37,154,2
37,155,9
37,156,14
37,157,19
37,158,17
37,159,5
37,160,4
37,161,16
37,162,12
37,163,19
37,164,6
37,165,13
37,166,8
37,167,10
37,168,12
37,169,10
37,170,9
37,171,7
37,172,9
37,173,1
37,174,9
37,175,5
37,176,15
37,177,18
37,178,1
37,179,8
37,180,2
37,181,15
37,182,15
37,183,6
37,184,8
37,185,14
37,186,17
37,187,7
37,188,11
37,189,1
37,190,3
37,191,2
37,192,19
37,193,16
37,194,15
37,195,14
37,196,5
37,197,15
37,198,10
37,199,5
37,200,6
57,1,1
57,2,20
57,3,10
57,4,20
57,5,18
57,6,18
57,7,5
57,8,11
57,9,4
57,10,15
57,11,12
57,12,13
57,13,1
57,14,1
57,15,1
57,16,13
57,17,18
57,18,18
57,19,18
57,20,7
57,21,13
57,22,18
57,23,3
57,24,4
57,25,11
57,26,5
57,27,19
57,28,2
57,29,6
57,30,18
57,31,7
57,32,16
57,33,6
57,34,13
57,35,8
57,36,1
57,37,16
57,38,18
57,39,2
57,40,13
57,41,6
57,42,18
57,43,12
57,44,1
57,45,7
57,46,18
57,47,8
57,48,18
57,49,1
57,50,2
57,51,9
57,52,15
57,53,5
57,54,10
57,55,5
57,56,1
57,57,2
57,58,16
57,59,3
57,60,4
57,61,8
57,62,12
57,63,5
57,64,10
57,65,11
57,66,15
57,67,2
57,68,6
57,69,7
57,70,18
57,71,1
57,72,1
57,73,15
57,74,6
57,75,1
57,76,19
57,77,9
57,78,3
57,79,7
57,80,6
57,81,16
57,82,6
57,83,13
57,84,8
57,85,7
57,86,6
57,87,12
57,88,4
57,89,7
57,90,5
57,91,5
57,92,8
57,93,9
57,94,11
57,95,2
57,96,7
57,97,9
57,98,4
57,99,20
57,100,15
57,101,7
57,102,6
57,103,12
57,104,11
57,105,8
57,106,12
57,107,17
57,108,19
57,109,1
57,110,11
57,111,6
57,112,16
57,113,19
57,114,3
57,115,18
57,116,1
57,117,1
57,118,1
57,119,1
57,120,18
57,121,2
57,122,18
57,123,9
57,124,19
57,125,7
57,126,10
57,127,16
57,128,18
57,129,11
57,130,11
57,131,8
57,132,10
57,133,10
57,134,10
57,135,3
57,136,2
57,137,12
57,138,11
57,139,7
57,140,5
57,141,11
57,142,13
57,143,19
57,144,12
57,145,15
57,146,18
57,147,8
57,148,1
57,149,5
57,150,3
57,151,9
57,152,1
57,153,18
57,154,10
57,155,2
57,156,2
57,157,11
57,158,3
57,159,4
57,160,2
57,161,10
57,162,16
57,163,8
57,164,14
57,165,7
57,166,20
57,167,1
57,168,19
57,169,2
57,170,15
57,171,1
57,172,8
57,173,9
57,174,1
57,175,4
57,176,7
57,177,4
57,178,13
57,179,8
57,180,1
57,181,13
57,182,10
57,183,16
57,184,10
57,185,19
57,186,8
57,187,7
57,188,14
57,189,8
57,190,9
57,191,1
57,192,12
57,193,6
57,194,19
57,195,19
57,196,6
57,197,14
57,198,17
57,199,5
57,200,11
58,1,7
58,2,2
58,3,16
58,4,11
58,5,11
58,6,20
58,7,18
58,8,5
58,9,17
58,10,1
58,11,1
58,12,8
58,13,9
58,14,20
58,15,13
58,16,13
58,17,1
58,18,18
58,19,19
58,20,7
58,21,6
58,22,7
58,23,16
58,24,9
58,25,2
58,26,9
58,27,10
58,28,9
58,29,1
58,30,14
58,31,11
58,32,16
58,33,4
58,34,7
58,35,2
58,36,3
58,37,18
58,38,12
58,39,6
58,40,10
58,41,6
58,42,13
58,43,2
58,44,13
58,45,2
58,46,18
58,47,2
58,48,16
58,49,12
58,50,1
58,51,16
58,52,4
58,53,6
58,54,17
58,55,12
58,56,7
58,57,4
58,58,2
58,59,7
58,60,2
58,61,14
58,62,9
58,63,16
58,64,16
58,65,3
58,66,4
58,67,17
58,68,16
58,69,3
58,70,3
58,71,17
58,72,7
58,73,7
58,74,16
58,75,18
58,76,17
58,77,7
58,78,7
58,79,15
58,80,10
58,81,5
58,82,14
58,83,6
58,84,8
58,85,14
58,86,15
58,87,16
58,88,1
58,89,3
58,90,2
58,91,12
58,92,6
58,93,2
58,94,2
58,95,7
58,96,19
58,97,9
58,98,14
58,99,5
58,100,1
58,101,13
58,102,16
58,103,18
58,104,8
58,105,2
58,106,11
58,107,7
58,108,10
58,109,12
58,110,8
58,111,8
58,112,9
58,113,6
58,114,2
58,115,4
58,116,15
58,117,19
58,118,9
58,119,8
58,120,8
58,121,8
58,122,3
58,123,9
58,124,19
58,125,14
58,126,8
58,127,19
58,128,7
58,129,4
58,130,7
58,131,1
58,132,18
58,133,7
58,134,12
58,135,12
58,136,13
58,137,13
58,138,14
58,139,15
58,140,8
58,141,9
58,142,5
58,143,9
58,144,2
58,145,1
58,146,7
58,147,2
58,148,3
58,149,2
58,150,13
58,151,5
58,152,9
58,153,1
58,154,13
58,155,8
58,156,2
58,157,1
58,158,3
58,159,20
58,160,14
58,161,15
58,162,12
58,163,5
58,164,10
58,165,13
58,166,12
58,167,7
58,168,7
58,169,4
58,170,19
58,171,11
58,172,13
58,173,19
58,174,1
58,175,16
58,176,15
58,177,2
58,178,14
58,179,10
58,180,18
58,181,17
58,182,16
58,183,1
58,184,19
58,185,16
58,186,8
58,187,15
58,188,1
58,189,18
58,190,6
58,191,9
58,192,1
58,193,16
58,194,16
58,195,7
58,196,9
58,197,3
58,198,16
58,199,19
58,200,6
48,1,14
48,2,6
48,3,8
48,4,18
48,5,11
48,6,6
48,7,20
48,8,4
48,9,12
48,10,14
48,11,8
48,12,2
48,13,1
48,14,20
48,15,19
48,16,17
48,17,1
48,18,8
48,19,9
48,20,17
48,21,3
48,22,7
48,23,5
48,24,12
48,25,3
48,26,16
48,27,14
48,28,18
48,29,4
48,30,9
48,31,7
48,32,9
48,33,4
48,34,10
48,35,4
48,36,13
48,37,15
48,38,5
48,39,16
48,40,17
48,41,19
48,42,14
48,43,19
48,44,12
48,45,5
48,46,2
48,47,19
48,48,20
48,49,18
48,50,10
48,51,11
48,52,6
48,53,16
48,54,15
48,55,1
48,56,17
48,57,18
48,58,16
48,59,20
48,60,16
48,61,10
48,62,19
48,63,9
48,64,19
48,65,12
48,66,1
48,67,6
48,68,7
48,69,20
48,70,8
48,71,11
48,72,6
48,73,10
48,74,20
48,75,6
48,76,8
48,77,14
48,78,8
48,79,7
48,80,9
48,81,18
48,82,11
48,83,1
48,84,1
48,85,2
48,86,4
48,87,7
48,88,12
48,89,9
48,90,3
48,91,11
48,92,5
48,93,12
48,94,15
48,95,17
48,96,19
48,97,2
48,98,15
48,99,8
48,100,13
48,101,6
48,102,20
48,103,12
48,104,4
48,105,10
48,106,9
48,107,18
48,108,18
48,109,9
48,110,9
48,111,13
48,112,15
48,113,14
48,114,6
48,115,13
48,116,6
48,117,8
48,118,3
48,119,14
48,120,4
48,121,2
48,122,2
48,123,10
48,124,17
48,125,9
48,126,9
48,127,15
48,128,8
48,129,13
48,130,1
48,131,10
48,132,15
48,133,3
48,134,5
48,135,12
48,136,3
48,137,12
48,138,8
48,139,20
48,140,20
48,141,10
48,142,12
48,143,10
48,144,12
48,145,15
48,146,12
48,147,1
48,148,18
48,149,10
48,150,16
48,151,5
48,152,15
48,153,6
48,154,2
48,155,18
48,156,20
48,157,19
48,158,6
48,159,15
48,160,18
48,161,16
48,162,20
48,163,12
48,164,17
48,165,11
48,166,18
48,167,8
48,168,15
48,169,3
48,170,2
48,171,10
48,172,2
48,173,4
48,174,9
48,175,20
48,176,18
48,177,16
48,178,8
48,179,11
48,180,2
48,181,16
48,182,4
48,183,4
48,184,5
48,185,10
48,186,11
48,187,18
48,188,18
48,189,5
48,190,12
48,191,12
48,192,20
48,193,19
48,194,8
48,195,1
48,196,3
48,197,5
48,198,3
48,199,9
48,200,5
53,1,8
53,2,12
53,3,2
53,4,4
53,5,18
53,6,17
53,7,18
53,8,16
53,9,5
53,10,3
53,11,8
53,12,5
53,13,5
53,14,14
53,15,16
53,16,14
53,17,14
53,18,18
53,19,20
53,20,9
53,21,12
53,22,19
53,23,17
53,24,17
53,25,11
53,26,6
53,27,6
53,28,6
53,29,16
53,30,6
53,31,9
53,32,12
53,33,14
53,34,20
53,35,9
53,36,6
53,37,9
53,38,17
53,39,5
53,40,18
53,41,19
53,42,9
53,43,8
53,44,17
53,45,2
53,46,15
53,47,20
53,48,13
53,49,3
53,50,10
53,51,20
53,52,18
53,53,3
53,54,19
53,55,18
53,56,6
53,57,10
53,58,18
53,59,4
53,60,3
53,61,6
53,62,6
53,63,4
53,64,13
53,65,4
53,66,7
53,67,3
53,68,13
53,69,9
53,70,5
53,71,7
53,72,9
53,73,13
53,74,7
53,75,13
53,76,12
53,77,18
53,78,17
53,79,16
53,80,1
53,81,19
53,82,1
53,83,16
53,84,13
53,85,13
53,86,6
53,87,18
53,88,18
53,89,17
53,90,18
53,91,20
53,92,9
53,93,4
53,94,15
53,95,9
53,96,9
53,97,2
53,98,14
53,99,7
53,100,2
53,101,15
53,102,17
53,103,15
53,104,5
53,105,2
53,106,20
53,107,15
53,108,19
53,109,3
53,110,10
53,111,2
53,112,12
53,113,4
53,114,15
53,115,11
53,116,3
53,117,11
53,118,11
53,119,8
53,120,19
53,121,5
53,122,5
53,123,2
53,124,1
53,125,1
53,126,18
53,127,19
53,128,17
53,129,6
53,130,8
53,131,8
53,132,19
53,133,13
53,134,13
53,135,5
53,136,5
53,137,15
53,138,19
53,139,10
53,140,4
53,141,2
53,142,5
53,143,14
53,144,20
53,145,13
53,146,9
53,147,3
53,148,10
53,149,6
53,150,9
53,151,17
53,152,7
53,153,3
53,154,12
53,155,14
53,156,10
53,157,10
53,158,1
53,159,3
53,160,19
53,161,8
53,162,10
53,163,9
53,164,16
53,165,17
53,166,9
53,167,19
53,168,7
53,169,8
53,170,15
53,171,6
53,172,16
53,173,20
53,174,12
53,175,11
53,176,3
53,177,14
53,178,7
53,179,20
53,180,19
53,181,12
53,182,11
53,183,12
53,184,3
53,185,17
53,186,9
53,187,9
53,188,4
53,189,2
53,190,1
53,191,12
53,192,15
53,193,8
53,194,15
53,195,17
53,196,8
53,197,5
53,198,2
53,199,10
53,200,3
62,1,13
62,2,5
62,3,2
62,4,8
62,5,16
62,6,20
62,7,17
62,8,4
62,9,8
62,10,13
62,11,1
62,12,9
62,13,5
62,14,8
62,15,11
62,16,11
62,17,13
62,18,16
62,19,10
62,20,15
62,21,18
62,22,5
62,23,19
62,24,5
62,25,12
62,26,19
62,27,12
62,28,6
62,29,14
62,30,1
62,31,12
62,32,17
62,33,19
62,34,5
62,35,12
62,36,16
62,37,11
62,38,9
62,39,1
62,40,8
62,41,9
62,42,16
62,43,3
62,44,20
62,45,1
62,46,6
62,47,8
62,48,12
62,49,11
62,50,6
62,51,16
62,52,7
62,53,18
62,54,9
62,55,18
62,56,2
62,57,15
62,58,16
62,59,3
62,60,9
62,61,7
62,62,1
62,63,5
62,64,1
62,65,13
62,66,10
62,67,12
62,68,18
62,69,12
62,70,16
62,71,2
62,72,12
62,73,13
62,74,20
62,75,2
62,76,12
62,77,9
62,78,19
62,79,10
62,80,3
62,81,15
62,82,18
62,83,7
62,84,12
62,85,1
62,86,10
62,87,1
62,88,9
62,89,4
62,90,3
62,91,7
62,92,20
62,93,1
62,94,6
62,95,19
62,96,4
62,97,13
62,98,19
62,99,9
62,100,6
62,101,7
62,102,8
62,103,1
62,104,6
62,105,1
62,106,10
62,107,13
62,108,15
62,109,12
62,110,12
62,111,4
62,112,9
62,113,5
62,114,14
62,115,13
62,116,3
62,117,10
62,118,4
62,119,1
62,120,13
62,121,11
62,122,20
62,123,16
62,124,3
62,125,6
62,126,6
62,127,4
62,128,10
62,129,1
62,130,11
62,131,3
62,132,17
62,133,2
62,134,9
62,135,5
62,136,19
62,137,16
62,138,12
62,139,7
62,140,6
62,141,12
62,142,5
62,143,11
62,144,11
62,145,7
62,146,7
62,147,6
62,148,9
62,149,2
62,150,7
62,151,12
62,152,8
62,153,14
62,154,20
62,155,6
62,156,10
62,157,2
62,158,18
62,159,5
62,160,11
62,161,12
62,162,9
62,163,19
62,164,15
62,165,13
62,166,11
62,167,16
62,168,4
62,169,14
62,170,10
62,171,18
62,172,3
62,173,4
62,174,6
62,175,14
62,176,20
62,177,12
62,178,7
62,179,20
62,180,18
62,181,9
62,182,5
62,183,7
62,184,19
62,185,2
62,186,6
62,187,19
62,188,13
62,189,16
62,190,8
62,191,3
62,192,9
62,193,16
62,194,2
62,195,11
62,196,4
62,197,9
62,198,6
62,199,10
62,200,5
66,1,20
66,2,20
66,3,5
66,4,18
66,5,7
66,6,14
66,7,2
66,8,10
66,9,13
66,10,17
66,11,6
66,12,8
66,13,16
66,14,4
66,15,3
66,16,19
66,17,15
66,18,5
66,19,15
66,20,13
66,21,5
66,22,18
66,23,11
66,24,16
66,25,19
66,26,9
66,27,18
66,28,12
66,29,13
66,30,5
66,31,1
66,32,15
66,33,5
66,34,18
66,35,8
66,36,1
66,37,7
66,38,1
66,39,14
66,40,8
66,41,20
66,42,17
66,43,8
66,44,17
66,45,9
66,46,4
66,47,19
66,48,13
66,49,10
66,50,11
66,51,19
66,52,17
66,53,3
66,54,8
66,55,11
66,56,17
66,57,4
66,58,2
66,59,20
66,60,13
66,61,16
66,62,10
66,63,6
66,64,20
66,65,6
66,66,16
66,67,4
66,68,10
66,69,12
66,70,19
66,71,14
66,72,16
66,73,18
66,74,13
66,75,10
66,76,16
66,77,1
66,78,4
66,79,1
66,80,8
66,81,17
66,82,19
66,83,10
66,84,2
66,85,18
66,86,5
66,87,20
66,88,8
66,89,1
66,90,7
66,91,18
66,92,9
66,93,19
66,94,6
66,95,12
66,96,5
66,97,5
66,98,18
66,99,20
66,100,17
66,101,2
66,102,13
66,103,18
66,104,14
66,105,17
66,106,9
66,107,3
66,108,8
66,109,10
66,110,13
66,111,14
66,112,11
66,113,7
66,114,20
66,115,18
66,116,11
66,117,8
66,118,6
66,119,8
66,120,6
66,121,10
66,122,7
66,123,20
66,124,2
66,125,3
66,126,19
66,127,5
66,128,5
66,129,1
66,130,18
66,131,18
66,132,20
66,133,11
66,134,9
66,135,2
66,136,5
66,137,14
66,138,20
66,139,15
66,140,20
66,141,14
66,142,18
66,143,1
66,144,7
66,145,15
66,146,13
66,147,18
66,148,1
66,149,6
66,150,12
66,151,3
66,152,19
66,153,14
66,154,4
66,155,3
66,156,4
66,157,4
66,158,7
66,159,3
66,160,10
66,161,8
66,162,12
66,163,12
66,164,6
66,165,6
66,166,2
66,167,10
66,168,6
66,169,17
66,170,18
66,171,12
66,172,11
66,173,15
66,174,15
66,175,7
66,176,9
66,177,19
66,178,11
66,179,10
66,180,2
66,181,5
66,182,4
66,183,15
66,184,11
66,185,2
66,186,4
66,187,16
66,188,20
66,189,10
66,190,9
66,191,6
66,192,4
66,193,10
66,194,20
66,195,6
66,196,16
66,197,8
66,198,19
66,199,20
66,200,20
77,1,20
77,2,18
77,3,16
77,4,7
77,5,16
77,6,14
77,7,5
77,8,11
77,9,12
77,10,10
77,11,1
77,12,7
77,13,14
77,14,19
77,15,10
77,16,18
77,17,19
77,18,3
77,19,20
77,20,3
77,21,9
77,22,18
77,23,3
77,24,4
77,25,15
77,26,10
77,27,15
77,28,11
77,29,18
77,30,12
77,31,15
77,32,19
77,33,7
77,34,5
77,35,2
77,36,10
77,37,10
77,38,7
77,39,9
77,40,11
77,41,12
77,42,14
77,43,5
77,44,10
77,45,16
77,46,19
77,47,11
77,48,16
77,49,11
77,50,19
77,51,14
77,52,16
77,53,3
77,54,1
77,55,20
77,56,17
77,57,3
77,58,5
77,59,11
77,60,18
77,61,10
77,62,9
77,63,13
77,64,9
77,65,16
77,66,4
77,67,2
77,68,17
77,69,4
77,70,14
77,71,3
77,72,10
77,73,20
77,74,4
77,75,16
77,76,5
77,77,3
77,78,16
77,79,11
77,80,12
77,81,18
77,82,12
77,83,5
77,84,13
77,85,17
77,86,13
77,87,8
77,88,9
77,89,9
77,90,11
77,91,20
77,92,4
77,93,20
77,94,1
77,95,5
77,96,20
77,97,13
77,98,18
77,99,16
77,100,17
77,101,4
77,102,17
77,103,19
77,104,20
77,105,6
77,106,8
77,107,12
77,108,15
77,109,6
77,110,2
77,111,1
77,112,3
77,113,7
77,114,20
77,115,2
77,116,7
77,117,3
77,118,4
77,119,3
77,120,3
77,121,6
77,122,10
77,123,10
77,124,10
77,125,16
77,126,12
77,127,20
77,128,16
77,129,5
77,130,4
77,131,19
77,132,12
77,133,20
77,134,20
77,135,11
77,136,18
77,137,16
77,138,4
77,139,18
77,140,4
77,141,17
77,142,9
77,143,13
77,144,10
77,145,18
77,146,20
77,147,5
77,148,5
77,149,20
77,150,12
77,151,12
77,152,5
77,153,4
77,154,4
77,155,9
77,156,2
77,157,20
77,158,17
77,159,20
77,160,6
77,161,12
77,162,11
77,163,11
77,164,9
77,165,2
77,166,2
77,167,19
77,168,1
77,169,20
77,170,20
77,171,7
77,172,16
77,173,19
77,174,7
77,175,16
77,176,9
77,177,7
77,178,6
77,179,2
77,180,15
77,181,3
77,182,5
77,183,15
77,184,13
77,185,11
77,186,13
77,187,12
77,188,6
77,189,4
77,190,1
77,191,1
77,192,11
77,193,10
77,194,11
77,195,4
77,196,20
77,197,18
77,198,7
77,199,12
77,200,16
65,1,14
65,2,18
65,3,19
65,4,9
65,5,11
65,6,1
65,7,11
65,8,18
65,9,9
65,10,8
65,11,7
65,12,11
65,13,10
65,14,14
65,15,2
65,16,19
65,17,5
65,18,1
65,19,18
65,20,5
65,21,18
65,22,20
65,23,4
65,24,3
65,25,8
65,26,11
65,27,15
65,28,5
65,29,4
65,30,16
65,31,1
65,32,6
65,33,15
65,34,4
65,35,12
65,36,5
65,37,4
65,38,9
65,39,9
65,40,12
65,41,5
65,42,6
65,43,11
65,44,6
65,45,16
65,46,1
65,47,4
65,48,20
65,49,17
65,50,7
65,51,19
65,52,3
65,53,9
65,54,9
65,55,11
65,56,2
65,57,11
65,58,11
65,59,11
65,60,5
65,61,4
65,62,8
65,63,1
65,64,10
65,65,16
65,66,2
65,67,3
65,68,12
65,69,3
65,70,5
65,71,9
65,72,1
65,73,3
65,74,10
65,75,18
65,76,7
65,77,11
65,78,13
65,79,19
65,80,19
65,81,12
65,82,2
65,83,15
65,84,6
65,85,6
65,86,13
65,87,7
65,88,7
65,89,7
65,90,13
65,91,16
65,92,6
65,93,13
65,94,15
65,95,9
65,96,13
65,97,1
65,98,6
65,99,14
65,100,15
65,101,15
65,102,13
65,103,3
65,104,1
65,105,3
65,106,20
65,107,18
65,108,7
65,109,11
65,110,16
65,111,18
65,112,9
65,113,11
65,114,12
65,115,6
65,116,1
65,117,5
65,118,2
65,119,4
65,120,4
65,121,1
65,122,8
65,123,20
65,124,19
65,125,3
65,126,19
65,127,6
65,128,5
65,129,6
65,130,10
65,131,6
65,132,20
65,133,19
65,134,17
65,135,16
65,136,10
65,137,18
65,138,12
65,139,15
65,140,9
65,141,12
65,142,2
65,143,20
65,144,9
65,145,10
65,146,6
65,147,11
65,148,9
65,149,10
65,150,11
65,151,16
65,152,4
65,153,6
65,154,1
65,155,4
65,156,9
65,157,1
65,158,3
65,159,14
65,160,17
65,161,12
65,162,16
65,163,19
65,164,12
65,165,1
65,166,5
65,167,9
65,168,6
65,169,15
65,170,11
65,171,11
65,172,5
65,173,15
65,174,19
65,175,10
65,176,11
65,177,1
65,178,1
65,179,14
65,180,2
65,181,11
65,182,16
65,183,3
65,184,18
65,185,15
65,186,16
65,187,1
65,188,9
65,189,18
65,190,9
65,191,4
65,192,6
65,193,16
65,194,1
65,195,2
65,196,4
65,197,5
65,198,3
65,199,1
65,200,20
67,1,5
67,2,16
67,3,9
67,4,10
67,5,2
67,6,16
67,7,3
67,8,11
67,9,9
67,10,19
67,11,18
67,12,15
67,13,13
67,14,7
67,15,1
67,16,5
67,17,13
67,18,14
67,19,3
67,20,14
67,21,14
67,22,20
67,23,3
67,24,17
67,25,7
67,26,8
67,27,5
67,28,3
67,29,5
67,30,14
67,31,2
67,32,6
67,33,18
67,34,19
67,35,8
67,36,7
67,37,16
67,38,15
67,39,9
67,40,7
67,41,13
67,42,18
67,43,19
67,44,3
67,45,15
67,46,3
67,47,11
67,48,10
67,49,7
67,50,17
67,51,5
67,52,11
67,53,6
67,54,16
67,55,3
67,56,14
67,57,2
67,58,5
67,59,9
67,60,5
67,61,12
67,62,20
67,63,9
67,64,5
67,65,20
67,66,3
67,67,3
67,68,4
67,69,2
67,70,9
67,71,19
67,72,7
67,73,1
67,74,9
67,75,11
67,76,18
67,77,13
67,78,9
67,79,15
67,80,19
67,81,3
67,82,17
67,83,5
67,84,12
67,85,10
67,86,10
67,87,13
67,88,6
67,89,19
67,90,4
67,91,5
67,92,12
67,93,11
67,94,14
67,95,16
67,96,7
67,97,12
67,98,17
67,99,8
67,100,5
67,101,5
67,102,9
67,103,2
67,104,19
67,105,18
67,106,20
67,107,10
67,108,20
67,109,13
67,110,7
67,111,9
67,112,9
67,113,20
67,114,7
67,115,8
67,116,5
67,117,9
67,118,16
67,119,9
67,120,5
67,121,16
67,122,18
67,123,1
67,124,20
67,125,16
67,126,18
67,127,19
67,128,8
67,129,9
67,130,5
67,131,17
67,132,2
67,133,14
67,134,16
67,135,10
67,136,9
67,137,6
67,138,1
67,139,17
67,140,11
67,141,3
67,142,1
67,143,1
67,144,11
67,145,12
67,146,5
67,147,5
67,148,5
67,149,7
67,150,19
67,151,13
67,152,6
67,153,1
67,154,19
67,155,11
67,156,1
67,157,8
67,158,9
67,159,11
67,160,4
67,161,3
67,162,14
67,163,5
67,164,2
67,165,12
67,166,3
67,167,13
67,168,17
67,169,17
67,170,13
67,171,5
67,172,11
67,173,5
67,174,19
67,175,2
67,176,7
67,177,18
67,178,18
67,179,7
67,180,12
67,181,18
67,182,2
67,183,14
67,184,4
67,185,4
67,186,5
67,187,13
67,188,12
67,189,14
67,190,17
67,191,8
67,192,5
67,193,11
67,194,17
67,195,7
67,196,8
67,197,3
67,198,2
67,199,5
67,200,20
69,1,16
69,2,4
69,3,11
69,4,4
69,5,2
69,6,19
69,7,7
69,8,6
69,9,5
69,10,11
69,11,3
69,12,6
69,13,12
69,14,3
69,15,2
69,16,6
69,17,6
69,18,4
69,19,11
69,20,7
69,21,4
69,22,2
69,23,8
69,24,10
69,25,6
69,26,4
69,27,1
69,28,17
69,29,10
69,30,10
69,31,17
69,32,17
69,33,9
69,34,15
69,35,4
69,36,4
69,37,1
69,38,17
69,39,2
69,40,10
69,41,7
69,42,15
69,43,10
69,44,9
69,45,6
69,46,7
69,47,2
69,48,15
69,49,1
69,50,17
69,51,6
69,52,6
69,53,11
69,54,1
69,55,6
69,56,13
69,57,8
69,58,18
69,59,17
69,60,5
69,61,15
69,62,13
69,63,8
69,64,18
69,65,1
69,66,17
69,67,18
69,68,4
69,69,5
69,70,10
69,71,8
69,72,19
69,73,13
69,74,17
69,75,11
69,76,5
69,77,4
69,78,16
69,79,17
69,80,5
69,81,19
69,82,1
69,83,13
69,84,6
69,85,19
69,86,7
69,87,15
69,88,20
69,89,12
69,90,10
69,91,16
69,92,16
69,93,11
69,94,2
69,95,15
69,96,7
69,97,9
69,98,17
69,99,6
69,100,4
69,101,3
69,102,11
69,103,17
69,104,14
69,105,12
69,106,12
69,107,3
69,108,9
69,109,10
69,110,4
69,111,2
69,112,16
69,113,9
69,114,11
69,115,19
69,116,15
69,117,6
69,118,13
69,119,7
69,120,16
69,121,12
69,122,18
69,123,5
69,124,18
69,125,10
69,126,10
69,127,3
69,128,19
69,129,16
69,130,8
69,131,10
69,132,8
69,133,18
69,134,12
69,135,18
69,136,7
69,137,6
69,138,13
69,139,9
69,140,3
69,141,18
69,142,9
69,143,18
69,144,8
69,145,2
69,146,7
69,147,17
69,148,17
69,149,15
69,150,14
69,151,4
69,152,9
69,153,9
69,154,8
69,155,13
69,156,18
69,157,17
69,158,13
69,159,11
69,160,14
69,161,16
69,162,16
69,163,4
69,164,11
69,165,15
69,166,4
69,167,15
69,168,18
69,169,11
69,170,12
69,171,12
69,172,15
69,173,8
69,174,16
69,175,4
69,176,11
69,177,3
69,178,15
69,179,9
69,180,17
69,181,7
69,182,11
69,183,9
69,184,6
69,185,16
69,186,11
69,187,5
69,188,10
69,189,17
69,190,11
69,191,4
69,192,6
69,193,11
69,194,6
69,195,12
69,196,10
69,197,8
69,198,11
69,199,10
69,200,15
75,1,18
75,2,2
75,3,10
75,4,7
75,5,16
75,6,17
75,7,18
75,8,18
75,9,17
75,10,8
75,11,4
75,12,6
75,13,18
75,14,4
75,15,5
75,16,3
75,17,11
75,18,6
75,19,6
75,20,8
75,21,12
75,22,18
75,23,9
75,24,16
75,25,13
75,26,1
75,27,14
75,28,11
75,29,14
75,30,11
75,31,5
75,32,11
75,33,14
75,34,5
75,35,1
75,36,5
75,37,19
75,38,15
75,39,6
75,40,11
75,41,5
75,42,11
75,43,12
75,44,10
75,45,11
75,46,12
75,47,3
75,48,18
75,49,8
75,50,19
75,51,10
75,52,4
75,53,2
75,54,2
75,55,4
75,56,5
75,57,8
75,58,4
75,59,4
75,60,19
75,61,16
75,62,4
75,63,2
75,64,16
75,65,11
75,66,18
75,67,9
75,68,8
75,69,15
75,70,12
75,71,14
75,72,6
75,73,18
75,74,16
75,75,20
75,76,14
75,77,18
75,78,17
75,79,15
75,80,8
75,81,18
75,82,11
75,83,1
75,84,19
75,85,10
75,86,8
75,87,8
75,88,4
75,89,13
75,90,7
75,91,5
75,92,17
75,93,6
75,94,5
75,95,12
75,96,7
75,97,19
75,98,16
75,99,16
75,100,5
75,101,5
75,102,2
75,103,18
75,104,6
75,105,10
75,106,17
75,107,4
75,108,11
75,109,10
75,110,15
75,111,4
75,112,2
75,113,7
75,114,12
75,115,14
75,116,5
75,117,4
75,118,11
75,119,17
75,120,5
75,121,2
75,122,11
75,123,2
75,124,17
75,125,8
75,126,9
75,127,3
75,128,18
75,129,13
75,130,2
75,131,19
75,132,13
75,133,16
75,134,10
75,135,16
75,136,19
75,137,5
75,138,7
75,139,11
75,140,19
75,141,9
75,142,2
75,143,17
75,144,13
75,145,19
75,146,5
75,147,6
75,148,12
75,149,6
75,150,19
75,151,10
75,152,7
75,153,1
75,154,16
75,155,20
75,156,16
75,157,2
75,158,16
75,159,19
75,160,13
75,161,13
75,162,20
75,163,6
75,164,4
75,165,11
75,166,11
75,167,1
75,168,5
75,169,11
75,170,4
75,171,1
75,172,14
75,173,17
75,174,18
75,175,7
75,176,8
75,177,4
75,178,16
75,179,1
75,180,5
75,181,11
75,182,7
75,183,4
75,184,7
75,185,10
75,186,18
75,187,6
75,188,5
75,189,2
75,190,1
75,191,19
75,192,13
75,193,7
75,194,17
75,195,13
75,196,5
75,197,7
75,198,16
75,199,5
75,200,12
78,1,9
78,2,17
78,3,14
78,4,5
78,5,7
78,6,12
78,7,5
78,8,18
78,9,17
78,10,16
78,11,4
78,12,16
78,13,12
78,14,1
78,15,7
78,16,10
78,17,4
78,18,15
78,19,10
78,20,4
78,21,18
78,22,16
78,23,12
78,24,12
78,25,17
78,26,10
78,27,3
78,28,18
78,29,16
78,30,15
78,31,4
78,32,16
78,33,16
78,34,5
78,35,4
78,36,16
78,37,13
78,38,16
78,39,18
78,40,3
78,41,20
78,42,7
78,43,10
78,44,6
78,45,18
78,46,15
78,47,14
78,48,13
78,49,16
78,50,16
78,51,6
78,52,16
78,53,6
78,54,5
78,55,17
78,56,15
78,57,14
78,58,12
78,59,3
78,60,4
78,61,6
78,62,18
78,63,12
78,64,14
78,65,16
78,66,14
78,67,10
78,68,4
78,69,12
78,70,9
78,71,10
78,72,16
78,73,18
78,74,17
78,75,16
78,76,16
78,77,6
78,78,12
78,79,11
78,80,15
78,81,18
78,82,17
78,83,2
78,84,15
78,85,5
78,86,12
78,87,9
78,88,15
78,89,16
78,90,11
78,91,11
78,92,5
78,93,10
78,94,19
78,95,2
78,96,16
78,97,15
78,98,15
78,99,17
78,100,1
78,101,15
78,102,6
78,103,2
78,104,15
78,105,10
78,106,1
78,107,11
78,108,6
78,109,6
78,110,16
78,111,12
78,112,18
78,113,17
78,114,12
78,115,9
78,116,18
78,117,5
78,118,9
78,119,10
78,120,19
78,121,6
78,122,13
78,123,10
78,124,19
78,125,5
78,126,16
78,127,5
78,128,2
78,129,16
78,130,18
78,131,17
78,132,7
78,133,6
78,134,13
78,135,4
78,136,11
78,137,4
78,138,16
78,139,6
78,140,9
78,141,13
78,142,4
78,143,4
78,144,16
78,145,10
78,146,16
78,147,16
78,148,11
78,149,3
78,150,3
78,151,5
78,152,5
78,153,5
78,154,5
78,155,5
78,156,18
78,157,16
78,158,11
78,159,19
78,160,12
78,161,15
78,162,13
78,163,12
78,164,6
78,165,10
78,166,9
78,167,5
78,168,16
78,169,15
78,170,9
78,171,18
78,172,12
78,173,10
78,174,9
78,175,16
78,176,8
78,177,4
78,178,5
78,179,7
78,180,17
78,181,6
78,182,2
78,183,12
78,184,16
78,185,10
78,186,1
78,187,19
78,188,10
78,189,16
78,190,11
78,191,3
78,192,12
78,193,18
78,194,6
78,195,2
78,196,6
78,197,16
78,198,4
78,199,16
78,200,1